model_id,direction,lateral_force_resisting_system,seismic_design_intensity,numerical_period_s,predicted_period_s,residual_s,relative_error_percent
SW-1,transverse,Non-Framed Tube,Low-Intensity,2.02,2.022059770086199,-0.002059770086198842,0.10196881614845753
SW-1,longitudinal,Non-Framed Tube,Low-Intensity,1.76,1.8586938075623012,-0.09869380756230117,5.607602702403476
SW-2,transverse,Non-Framed Tube,Low-Intensity,2.47,1.9527643861741955,0.5172356138258047,-20.940713110356466
SW-2,longitudinal,Non-Framed Tube,Low-Intensity,1.77,1.8586938075623012,-0.08869380756230116,5.010949579791026
SW-3,transverse,Non-Framed Tube,Low-Intensity,1.63,1.9527643861741955,-0.32276438617419556,19.80149608430648
SW-3,longitudinal,Non-Framed Tube,Low-Intensity,1.57,1.8705335793067075,-0.30053357930670743,19.142266197879454
SW-4,transverse,Non-Framed Tube,Low-Intensity,2.4,1.9229371723529627,0.4770628276470372,-19.87761781862655
SW-4,longitudinal,Non-Framed Tube,Low-Intensity,1.77,1.8256782380691219,-0.055678238069121866,3.145663167746998
SW-5,transverse,Non-Framed Tube,Low-Intensity,2.33,2.0674112750638,0.2625887249362,-11.269902357776823
SW-5,longitudinal,Non-Framed Tube,Low-Intensity,2.2,1.977173941001373,0.22282605899862729,-10.128457227210331
SW-6,transverse,Non-Framed Tube,Low-Intensity,2.04,2.0104223902629683,0.029577609737031718,-1.4498828302466529
SW-6,longitudinal,Non-Framed Tube,Low-Intensity,2.01,1.9469738870073747,0.06302611299262506,-3.135627512070899
SW-7,transverse,Non-Framed Tube,Low-Intensity,2.82,2.0104223902629683,0.8095776097370315,-28.708425877199705
SW-7,longitudinal,Non-Framed Tube,Low-Intensity,2.3,1.9933824541070297,0.3066175458929701,-13.331197647520439
SW-8,transverse,Non-Framed Tube,Low-Intensity,2.06,2.111438219718556,-0.05143821971855589,2.497000957211451
SW-8,longitudinal,Non-Framed Tube,Low-Intensity,1.85,1.9193460356574095,-0.06934603565740938,3.7484343598599663
SW-9,transverse,Non-Framed Tube,Low-Intensity,2.35,1.9617253761886297,0.38827462381137035,-16.522324417505118
SW-9,longitudinal,Non-Framed Tube,Low-Intensity,1.77,1.9469738870073747,-0.1769738870073747,9.998524689682187
SW-10,transverse,Non-Framed Tube,Low-Intensity,2.52,1.977173941001373,0.5428260589986271,-21.540716626929648
SW-10,longitudinal,Non-Framed Tube,Low-Intensity,1.94,1.9617253761886297,-0.021725376188629797,1.1198647519912266
SW-11,transverse,Non-Framed Tube,Low-Intensity,2.13,2.135714003792293,-0.005714003792292921,0.26826308884004324
SW-11,longitudinal,Non-Framed Tube,Low-Intensity,2.01,1.848499216044986,0.16150078395501377,-8.034864873383771
SW-12,transverse,Non-Framed Tube,Low-Intensity,2.53,2.0929348710522424,0.4370651289477574,-17.275301539437052
SW-12,longitudinal,Non-Framed Tube,Low-Intensity,2.07,2.0015834958285503,0.06841650417144951,-3.305145129055532
SW-13,transverse,Non-Framed Tube,Low-Intensity,2.12,2.0929348710522424,0.0270651289477577,-1.2766570258376273
SW-13,longitudinal,Non-Framed Tube,Low-Intensity,1.94,2.0179921140342767,-0.07799211403427675,4.020212063622513
SW-14,transverse,Non-Framed Tube,Low-Intensity,2.65,2.0179921140342767,0.6320078859657232,-23.84935418738578
SW-14,longitudinal,Non-Framed Tube,Low-Intensity,1.88,1.9172969187893751,-0.037296918789375244,1.9838786590093216
SW-15,transverse,Non-Framed Tube,Low-Intensity,2.42,2.28125084483794,0.13874915516205988,-5.733436163721483
SW-15,longitudinal,Non-Framed Tube,Low-Intensity,1.85,1.8312548659520536,0.018745134047946532,-1.0132504890781908
SW-16,transverse,Non-Framed Tube,Low-Intensity,2.59,2.1884476828982753,0.40155231710172457,-15.503950467248055
SW-16,longitudinal,Non-Framed Tube,Low-Intensity,1.87,1.916563288822224,-0.046563288822223825,2.490015445038707
SW-17,transverse,Non-Framed Tube,Low-Intensity,2.67,2.0343818716030238,0.6356181283969762,-23.805922411871766
SW-17,longitudinal,Non-Framed Tube,Low-Intensity,2.08,2.004451444831732,0.0755485551682682,-3.632142075397509
SW-18,transverse,Non-Framed Tube,Low-Intensity,2.65,2.0672114338887715,0.5827885661112284,-21.992021362687865
SW-18,longitudinal,Non-Framed Tube,Low-Intensity,2.17,1.9516284979404162,0.21837150205958378,-10.063202859888653
SW-19,transverse,Non-Framed Tube,Low-Intensity,2.44,2.019084030970611,0.4209159690293891,-17.250654468417586
SW-19,longitudinal,Non-Framed Tube,Low-Intensity,2.06,2.050402605482905,0.009597394517094848,-0.46589293772305085
SW-20,transverse,Non-Framed Tube,Low-Intensity,2.85,2.043120745625023,0.806879254374977,-28.31155278508691
SW-20,longitudinal,Non-Framed Tube,Low-Intensity,2.1,1.9874419280133766,0.11255807198662349,-5.359908189839214
SW-21,transverse,Non-Framed Tube,Low-Intensity,2.71,2.169505659017568,0.5404943409824319,-19.944440626658004
SW-21,longitudinal,Non-Framed Tube,Low-Intensity,2.31,2.043120745625023,0.26687925437497695,-11.553214475107227
SW-22,transverse,Non-Framed Tube,Low-Intensity,1.94,2.1918764283605596,-0.2518764283605597,12.983321049513386
SW-22,longitudinal,Non-Framed Tube,Low-Intensity,1.63,1.9081392593847821,-0.27813925938478223,17.06375824446517
SW-23,transverse,Non-Framed Tube,Low-Intensity,2.72,2.091821093816019,0.6281789061839813,-23.094812727352252
SW-23,longitudinal,Non-Framed Tube,Low-Intensity,2.29,2.0283139620321093,0.2616860379678907,-11.427337902527979
SW-24,transverse,Non-Framed Tube,Low-Intensity,2.68,2.0748121603100826,0.6051878396899175,-22.58163580932528
SW-24,longitudinal,Non-Framed Tube,Low-Intensity,2.19,2.0283139620321093,0.1616860379678906,-7.382924108122859
SW-25,transverse,Non-Framed Tube,Low-Intensity,2.63,2.109702508300646,0.5202974916993539,-19.783174589329047
SW-25,longitudinal,Non-Framed Tube,Low-Intensity,2.56,2.0586007034078215,0.5013992965921785,-19.585910023131973
SW-26,transverse,Non-Framed Tube,Low-Intensity,2.69,2.2979921173217233,0.3920078826782767,-14.572783742686866
SW-26,longitudinal,Non-Framed Tube,Low-Intensity,2.01,1.8886643735318729,0.1213356264681269,-6.036598331747608
SW-27,transverse,Non-Framed Tube,Low-Intensity,2.62,2.109702508300646,0.5102974916993541,-19.477003499975346
SW-27,longitudinal,Non-Framed Tube,Low-Intensity,2.3,2.043120745625023,0.2568792543749767,-11.168663233694641
SW-28,transverse,Non-Framed Tube,Low-Intensity,2.62,2.148438505716586,0.4715614942834141,-17.998530316160842
SW-28,longitudinal,Non-Framed Tube,Low-Intensity,2.13,2.0283139620321093,0.10168603796789055,-4.773992392858712
SW-29,transverse,Non-Framed Tube,Low-Intensity,1.85,2.3573317458579655,-0.5073317458579654,27.42333761394407
SW-29,longitudinal,Non-Framed Tube,Low-Intensity,1.59,1.8274786465961976,-0.23747864659619755,14.935763936867769
SW-30,transverse,Non-Framed Tube,Low-Intensity,2.92,2.116430753743266,0.8035692462567341,-27.519494734819663
SW-30,longitudinal,Non-Framed Tube,Low-Intensity,2.19,2.0108235977547104,0.17917640224528952,-8.181570878780343
SW-31,transverse,Non-Framed Tube,Low-Intensity,2.86,2.3250273187019785,0.5349726812980213,-18.705338506923827
SW-31,longitudinal,Non-Framed Tube,Low-Intensity,2.13,1.866396060950028,0.2636039390499718,-12.375771786383654
SW-32,transverse,Non-Framed Tube,Low-Intensity,2.66,2.0828195352126193,0.5771804647873808,-21.69851371381131
SW-32,longitudinal,Non-Framed Tube,Low-Intensity,2.1,2.067157460279435,0.03284253972056517,-1.5639304628840556
SW-33,transverse,Non-Framed Tube,Low-Intensity,2.84,2.1236312699644375,0.7163687300355623,-25.224251057590223
SW-33,longitudinal,Non-Framed Tube,Low-Intensity,2.26,2.0615198160764767,0.19848018392352307,-8.78230902316474
SW-34,transverse,Non-Framed Tube,Low-Intensity,2.17,2.420351506108546,-0.25035150610854595,11.536935765370782
SW-34,longitudinal,Non-Framed Tube,Low-Intensity,1.84,2.0615198160764767,-0.22151981607647664,12.039120438938946
SW-35,transverse,Non-Framed Tube,Low-Intensity,3.05,2.1786254728483443,0.8713745271516555,-28.569656627923134
SW-35,longitudinal,Non-Framed Tube,Low-Intensity,2.39,2.0615198160764767,0.3284801839235234,-13.743940749938218
SW-36,transverse,Non-Framed Tube,Low-Intensity,2.88,2.267841050808819,0.6121589491911807,-21.25551906913822
SW-36,longitudinal,Non-Framed Tube,Low-Intensity,2.58,2.1410404136705132,0.43895958632948684,-17.01393745463127
SW-37,transverse,Non-Framed Tube,Low-Intensity,2.9,2.1841625968289042,0.7158374031710957,-24.684048385210197
SW-37,longitudinal,Non-Framed Tube,Low-Intensity,2.3,2.071124861555696,0.22887513844430396,-9.951092975839302
SW-38,transverse,Non-Framed Tube,Low-Intensity,2.92,2.148040824791615,0.771959175208385,-26.436958055081675
SW-38,longitudinal,Non-Framed Tube,Low-Intensity,2.86,2.131257198822215,0.728742801177785,-25.480517523698776
SW-39,transverse,Non-Framed Tube,Low-Intensity,2.75,2.4876786770409556,0.2623213229590444,-9.538957198510706
SW-39,longitudinal,Non-Framed Tube,Low-Intensity,2.36,1.855367154963599,0.5046328450364008,-21.382747671033933
SW-40,transverse,Non-Framed Tube,Low-Intensity,3.03,2.148040824791615,0.8819591752083848,-29.107563538230526
SW-40,longitudinal,Non-Framed Tube,Low-Intensity,2.33,2.0199226982171665,0.31007730178283355,-13.308038703125902
SW-41,transverse,Non-Framed Tube,Low-Intensity,2.97,2.2036671449500496,0.7663328550499506,-25.802453031984868
SW-41,longitudinal,Non-Framed Tube,Low-Intensity,2.42,2.0999015136332426,0.3200984863667573,-13.227210180444516
SW-42,transverse,Non-Framed Tube,Low-Intensity,2.85,2.208982626338323,0.6410173736616769,-22.491837672339535
SW-42,longitudinal,Non-Framed Tube,Low-Intensity,2.27,2.108911076216166,0.16108892378383421,-7.096428360521331
SW-43,transverse,Non-Framed Tube,Low-Intensity,2.71,2.2950235544010567,0.4149764455989433,-15.312783970440714
SW-43,longitudinal,Non-Framed Tube,Low-Intensity,2.51,2.055110032592505,0.45488996740749466,-18.123106271214926
SW-44,transverse,Non-Framed Tube,Low-Intensity,3.01,2.2287088170517544,0.7812911829482454,-25.956517705921776
SW-44,longitudinal,Non-Framed Tube,Low-Intensity,2.38,2.108911076216166,0.2710889237838341,-11.390290915287148
SW-45,transverse,Non-Framed Tube,Low-Intensity,2.29,2.433168124223001,-0.14316812422300096,6.2518831538428365
SW-45,longitudinal,Non-Framed Tube,Low-Intensity,2.1,2.163304318897083,-0.06330431889708299,3.014491376051571
SW-46,transverse,Non-Framed Tube,Low-Intensity,2.99,2.19685993444597,0.7931400655540304,-26.52642359712476
SW-46,longitudinal,Non-Framed Tube,Low-Intensity,2.29,2.0910305335075887,0.19896946649241132,-8.688622990934991
SW-47,transverse,Non-Framed Tube,Low-Intensity,2.71,2.433168124223001,0.27683187577699897,-10.215198368154944
SW-47,longitudinal,Non-Framed Tube,Low-Intensity,2.34,2.1326067062860106,0.2073932937139893,-8.862961269828604
SW-48,transverse,Non-Framed Tube,Low-Intensity,2.78,2.19685993444597,0.58314006555403,-20.976261350864387
SW-48,longitudinal,Non-Framed Tube,Low-Intensity,2.38,2.1326067062860106,0.24739329371398933,-10.39467620647014
SW-49,transverse,Non-Framed Tube,Low-Intensity,2.44,2.50381190287091,-0.06381190287090988,2.6152419209389293
SW-49,longitudinal,Non-Framed Tube,Low-Intensity,2.17,2.1043502767200457,0.06564972327995422,-3.0253328700439734
SW-50,transverse,Non-Framed Tube,Low-Intensity,2.53,2.5442168287918863,-0.01421682879188646,0.5619299917741685
SW-50,longitudinal,Non-Framed Tube,Low-Intensity,2.46,1.8502055008574265,0.6097944991425734,-24.78839427408835
SW-51,transverse,Non-Framed Tube,Low-Intensity,2.96,2.214869393452255,0.745130606547745,-25.173331302288684
SW-51,longitudinal,Non-Framed Tube,Low-Intensity,2.42,2.163304318897083,0.25669568110291685,-10.607259549707308
SW-52,transverse,Non-Framed Tube,Low-Intensity,2.7,2.258622685357162,0.44137731464283814,-16.347307949734745
SW-52,longitudinal,Non-Framed Tube,Low-Intensity,2.58,2.156302336355855,0.4236976636441452,-16.422390063726557
SW-53,transverse,Non-Framed Tube,Low-Intensity,2.95,2.2212694892731473,0.7287305107268529,-24.70272917718145
SW-53,longitudinal,Non-Framed Tube,Low-Intensity,2.69,2.187341033551495,0.502658966448505,-18.686206931171192
SW-54,transverse,Non-Framed Tube,Low-Intensity,2.5,2.32264723494822,0.1773527650517801,-7.094110602071204
SW-54,longitudinal,Non-Framed Tube,Low-Intensity,2.46,2.203913694236609,0.25608630576339086,-10.410012429406134
SW-55,transverse,Non-Framed Tube,Low-Intensity,2.93,2.278792161255165,0.6512078387448352,-22.225523506649665
SW-55,longitudinal,Non-Framed Tube,Low-Intensity,2.63,2.156302336355855,0.473697663644145,-18.01131800928308
SW-56,transverse,Non-Framed Tube,Low-Intensity,2.54,2.2394790533795024,0.30052094662049766,-11.831533331515656
SW-56,longitudinal,Non-Framed Tube,Low-Intensity,2.41,1.8463802377606129,0.5636197622393873,-23.386712126115654
SW-57,transverse,Non-Framed Tube,Low-Intensity,2.56,2.372109604868995,0.18789039513100514,-7.339468559804887
SW-57,longitudinal,Non-Framed Tube,Low-Intensity,2.45,1.8405738955790307,0.6094261044209695,-24.87453487432528
SW-58,transverse,Non-Framed Tube,Low-Intensity,3.01,2.2212694892731473,0.7887305107268525,-26.203671452719355
SW-58,longitudinal,Non-Framed Tube,Low-Intensity,2.35,2.203913694236609,0.146086305763391,-6.2164385431230205
SW-59,transverse,Non-Framed Tube,Low-Intensity,2.86,2.2212694892731473,0.6387305107268526,-22.33323464079904
SW-59,longitudinal,Non-Framed Tube,Low-Intensity,2.59,2.2212694892731473,0.3687305107268526,-14.236699255863034
SW-60,transverse,Non-Framed Tube,Low-Intensity,3.01,2.4257492388751967,0.5842507611248031,-19.41032428986057
SW-60,longitudinal,Non-Framed Tube,Low-Intensity,2.88,2.2456790441003247,0.6343209558996752,-22.025033190960944
SW-61,transverse,Non-Framed Tube,Low-Intensity,2.76,2.3723838989314294,0.38761610106857036,-14.044061632919217
SW-61,longitudinal,Non-Framed Tube,Low-Intensity,2.69,2.228132526041407,0.46186747395859307,-17.169794570951414
SW-62,transverse,Non-Framed Tube,Low-Intensity,2.8,2.2834427148665815,0.5165572851334184,-18.448474469050655
SW-62,longitudinal,Non-Framed Tube,Low-Intensity,2.64,2.195351582434754,0.4446484175652463,-16.842743089592663
SW-63,transverse,Non-Framed Tube,Low-Intensity,2.77,2.2523513578462047,0.5176486421537954,-18.68767661205037
SW-63,longitudinal,Non-Framed Tube,Low-Intensity,2.72,2.2523513578462047,0.46764864215379554,-17.19296478506601
SW-64,transverse,Non-Framed Tube,Low-Intensity,3.12,2.3330827738854203,0.7869172261145798,-25.221705965210887
SW-64,longitudinal,Non-Framed Tube,Low-Intensity,2.73,2.2430766168355096,0.48692338316449035,-17.836021361336645
SW-65,transverse,Non-Framed Tube,Low-Intensity,2.87,2.3759202298512836,0.4940797701487165,-17.21532300169744
SW-65,longitudinal,Non-Framed Tube,Low-Intensity,2.63,2.2430766168355096,0.38692338316449026,-14.711915709676436
SW-66,transverse,Non-Framed Tube,Low-Intensity,3.22,2.35391717756028,0.8660828224397203,-26.89698206334535
SW-66,longitudinal,Non-Framed Tube,Low-Intensity,2.55,2.2123379202981295,0.33766207970187034,-13.241650184387073
SW-67,transverse,Non-Framed Tube,Low-Intensity,3.0,2.3579028033948397,0.6420971966051603,-21.403239886838676
SW-67,longitudinal,Non-Framed Tube,Low-Intensity,2.75,2.2358734300885352,0.5141265699114648,-18.695511633144175
SW-68,transverse,Non-Framed Tube,Low-Intensity,2.7,2.6855622081692134,0.01443779183078675,-0.5347330307698797
SW-68,longitudinal,Non-Framed Tube,Low-Intensity,2.52,1.9400168365710482,0.5799831634289518,-23.01520489797428
SW-69,transverse,Non-Framed Tube,Low-Intensity,2.82,2.6707326963956373,0.14926730360436258,-5.293166794480943
SW-69,longitudinal,Non-Framed Tube,Low-Intensity,2.56,2.0482354466670487,0.5117645533329513,-19.990802864568412
SW-70,transverse,Non-Framed Tube,Low-Intensity,3.05,2.3250078532605984,0.7249921467394014,-23.77023431932464
SW-70,longitudinal,Non-Framed Tube,Low-Intensity,2.53,2.203552034418727,0.32644796558127265,-12.903081643528566
SW-71,transverse,Non-Framed Tube,Low-Intensity,3.23,2.362527353015739,0.8674726469842611,-26.85673829672635
SW-71,longitudinal,Non-Framed Tube,Low-Intensity,2.55,2.230432569074761,0.31956743092523876,-12.532056114715246
SW-72,transverse,Non-Framed Tube,Low-Intensity,3.44,2.362527353015739,1.077472646984261,-31.321879272798288
SW-72,longitudinal,Non-Framed Tube,Low-Intensity,2.66,2.3250078532605984,0.3349921467394017,-12.593689727045177
SW-73,transverse,Non-Framed Tube,Low-Intensity,2.71,2.6985528286497584,0.011447171350241536,-0.4224048468723814
SW-73,longitudinal,Non-Framed Tube,Low-Intensity,2.42,2.25366624166929,0.16633375833071007,-6.873295798789672
SW-74,transverse,Non-Framed Tube,Low-Intensity,2.73,2.451747471229516,0.278252528770484,-10.19240032126315
SW-74,longitudinal,Non-Framed Tube,Low-Intensity,2.66,1.9498931242850044,0.7101068757149958,-26.695747207330665
SW-75,transverse,Non-Framed Tube,Low-Intensity,2.87,2.4540838659671005,0.4159161340328996,-14.491851360031346
SW-75,longitudinal,Non-Framed Tube,Low-Intensity,2.54,2.4117466728702337,0.12825332712976634,-5.049343587786076
SW-76,transverse,Non-Framed Tube,Low-Intensity,3.44,2.4323628919230975,1.0076371080769024,-29.291776397584375
SW-76,longitudinal,Non-Framed Tube,Low-Intensity,2.64,2.322171746844767,0.3178282531552332,-12.038948983152773
SW-77,transverse,Non-Framed Tube,Low-Intensity,3.09,2.580646712989346,0.5093532870106539,-16.483925145975853
SW-77,longitudinal,Non-Framed Tube,Low-Intensity,2.59,2.056579251254779,0.5334207487452209,-20.595395704448688
SW-78,transverse,Non-Framed Tube,Low-Intensity,3.17,2.5041672101705106,0.6658327898294893,-21.004188953611653
SW-78,longitudinal,Non-Framed Tube,Low-Intensity,2.64,2.3535509790405635,0.2864490209594366,-10.85034170300896
SW-79,transverse,Non-Framed Tube,Low-Intensity,2.76,2.440955482717744,0.3190445172822556,-11.559583959502016
SW-79,longitudinal,Non-Framed Tube,Low-Intensity,2.65,2.4036714654412035,0.24632853455879644,-9.295416398445148
SW-80,transverse,Non-Framed Tube,Low-Intensity,2.97,2.636683955299127,0.33331604470087317,-11.222762447840845
SW-80,longitudinal,Non-Framed Tube,Low-Intensity,2.56,2.2820977975864025,0.27790220241359753,-10.855554781781153
SW-81,transverse,Non-Framed Tube,Low-Intensity,3.16,2.5068229804513558,0.6531770195486444,-20.670158846476085
SW-81,longitudinal,Non-Framed Tube,Low-Intensity,2.56,2.361548643874718,0.19845135612528209,-7.752006098643832
SW-82,transverse,Non-Framed Tube,Low-Intensity,2.3,2.905298082509984,-0.6052980825099841,26.3173079352167
SW-82,longitudinal,Non-Framed Tube,Low-Intensity,2.09,2.3049187755622667,-0.2149187755622668,10.283195002979273
SW-83,transverse,Non-Framed Tube,Low-Intensity,3.12,2.489774592372099,0.630225407627901,-20.19953229576606
SW-83,longitudinal,Non-Framed Tube,Low-Intensity,2.96,2.384930313616052,0.575069686383948,-19.428029945403647
SW-84,transverse,Non-Framed Tube,Low-Intensity,2.83,2.5781262068599036,0.2518737931400965,-8.900134033218958
SW-84,longitudinal,Non-Framed Tube,Low-Intensity,2.78,2.4339767544385316,0.34602324556146824,-12.446879336743464
SW-85,transverse,Non-Framed Tube,Low-Intensity,3.52,2.6034019539859807,0.9165980460140193,-26.039717216307366
SW-85,longitudinal,Non-Framed Tube,Low-Intensity,3.12,2.494539675894184,0.6254603241058163,-20.046805259801804
SW-86,transverse,Non-Framed Tube,Low-Intensity,3.15,2.5141841471992765,0.6358158528007234,-20.184630247642012
SW-86,longitudinal,Non-Framed Tube,Low-Intensity,2.76,2.4241575084117803,0.33584249158821944,-12.168206216964474
SW-87,transverse,Non-Framed Tube,Low-Intensity,2.88,2.7756020749469883,0.1043979250530116,-3.6249279532295695
SW-87,longitudinal,Non-Framed Tube,Low-Intensity,2.54,2.1238079052988317,0.41619209470116836,-16.385515539416076
SW-88,transverse,Non-Framed Tube,Low-Intensity,3.43,2.538593702026454,0.8914062979735462,-25.988521806808926
SW-88,longitudinal,Non-Framed Tube,Low-Intensity,2.78,2.447693018202186,0.3323069817978137,-11.953488553878191
SW-89,transverse,Non-Framed Tube,Low-Intensity,3.04,2.604333898577331,0.4356661014226688,-14.331121757324633
SW-89,longitudinal,Non-Framed Tube,Low-Intensity,2.81,2.4817017888392874,0.32829821116071267,-11.683210361591197
SW-90,transverse,Non-Framed Tube,Low-Intensity,3.06,2.629375570679036,0.430624429320964,-14.072693768658954
SW-90,longitudinal,Non-Framed Tube,Low-Intensity,2.89,2.4550753228400537,0.4349246771599464,-15.049296787541397
SW-91,transverse,Non-Framed Tube,Low-Intensity,3.23,2.606103098489033,0.623896901510967,-19.315693545231177
SW-91,longitudinal,Non-Framed Tube,Low-Intensity,2.81,2.488041157333679,0.32195884266632113,-11.457610059299684
SW-92,transverse,Non-Framed Tube,Low-Intensity,3.27,2.606103098489033,0.663896901510967,-20.302657538561682
SW-92,longitudinal,Non-Framed Tube,Low-Intensity,2.86,2.488041157333679,0.37195884266632095,-13.005553939381851
SW-93,transverse,Non-Framed Tube,Low-Intensity,2.83,2.6544172427807413,0.17558275721925876,-6.20433771092787
SW-93,longitudinal,Non-Framed Tube,Low-Intensity,2.79,2.5294268232400428,0.2605731767599573,-9.33954038566155
SW-94,transverse,Non-Framed Tube,Low-Intensity,3.53,2.6309231279984524,0.8990768720015474,-25.46959977341494
SW-94,longitudinal,Non-Framed Tube,Low-Intensity,3.01,2.5294268232400428,0.48057317675995703,-15.96588627109492
SW-95,transverse,Non-Framed Tube,Low-Intensity,2.08,2.567196171308577,-0.48719617130857706,23.422892851373895
SW-95,longitudinal,Non-Framed Tube,Low-Intensity,1.76,2.2524736806883365,-0.4924736806883365,27.98145913001912
SW-96,transverse,Non-Framed Tube,Low-Intensity,3.5,2.633233612215459,0.8667663877845411,-24.764753936701172
SW-96,longitudinal,Non-Framed Tube,Low-Intensity,2.8,2.5018386623227213,0.2981613376772785,-10.648619202759946
SW-97,transverse,Non-Framed Tube,Low-Intensity,3.17,2.9767541511909705,0.1932458488090294,-6.096083558644461
SW-97,longitudinal,Non-Framed Tube,Low-Intensity,2.96,2.2829290915976483,0.6770709084023516,-22.874017175755124
SW-98,transverse,Non-Framed Tube,Low-Intensity,3.26,2.6578432721427063,0.6021567278572935,-18.47106527169612
SW-98,longitudinal,Non-Framed Tube,Low-Intensity,2.75,2.5418350573638087,0.20816494263619134,-7.569634277679685
SW-99,transverse,Non-Framed Tube,Low-Intensity,3.3,2.7820719627401753,0.5179280372598245,-15.69478900787347
SW-99,longitudinal,Non-Framed Tube,Low-Intensity,2.92,2.6010143748411756,0.31898562515882434,-10.924165245165216
SW-100,transverse,Non-Framed Tube,Low-Intensity,3.0,2.73020324603613,0.26979675396386993,-8.993225132128998
SW-100,longitudinal,Non-Framed Tube,Low-Intensity,2.93,2.456561405545438,0.47343859445456227,-16.158313803909973
SW-101,transverse,Non-Framed Tube,Low-Intensity,3.11,2.8365459661136656,0.27345403388633427,-8.792734208563804
SW-101,longitudinal,Non-Framed Tube,Low-Intensity,2.77,2.664071498527769,0.10592850147223087,-3.8241336271563493
SW-102,transverse,Non-Framed Tube,Low-Intensity,2.87,2.6850510309895186,0.18494896901048152,-6.4442149481004005
SW-102,longitudinal,Non-Framed Tube,Low-Intensity,2.58,2.6440386119853234,-0.06403861198532335,2.482116743617184
SW-103,transverse,Non-Framed Tube,Low-Intensity,3.38,2.731672251924448,0.6483277480755518,-19.18129432176189
SW-103,longitudinal,Non-Framed Tube,Low-Intensity,2.72,2.5789376579926926,0.1410623420073076,-5.186115514974544
SW-104,transverse,Non-Framed Tube,Low-Intensity,3.52,2.7550232755455495,0.7649767244544505,-21.73229330836507
SW-104,longitudinal,Non-Framed Tube,Low-Intensity,2.79,2.6124415867350255,0.17755841326497457,-6.364100833870056
SW-105,transverse,Non-Framed Tube,Low-Intensity,3.03,2.7796256032892668,0.250374396710733,-8.26318140959515
SW-105,longitudinal,Non-Framed Tube,Low-Intensity,2.91,2.6487394092419314,0.26126059075806873,-8.978027173816795
SW-106,transverse,Non-Framed Tube,Low-Intensity,3.35,3.0279425545886234,0.3220574454113767,-9.613655086906766
SW-106,longitudinal,Non-Framed Tube,Low-Intensity,3.13,2.5559495332967708,0.5740504667032291,-18.340270501700612
SW-107,transverse,Non-Framed Tube,Low-Intensity,4.03,2.9530860299350223,1.076913970064978,-26.722431018982082
SW-107,longitudinal,Non-Framed Tube,Low-Intensity,3.28,2.7125091621373647,0.5674908378626351,-17.301549934836437
SW-108,transverse,Non-Framed Tube,Low-Intensity,3.35,2.7808915717789424,0.5691084282210577,-16.988311290180825
SW-108,longitudinal,Non-Framed Tube,Low-Intensity,3.18,2.6595126063158365,0.5204873936841636,-16.367528103275585
SW-109,transverse,Non-Framed Tube,Low-Intensity,3.16,3.0974242707203503,0.06257572927964983,-1.9802445974572729
SW-109,longitudinal,Non-Framed Tube,Low-Intensity,2.72,2.4984435007739103,0.2215564992260899,-8.14545953037095
SW-110,transverse,Non-Framed Tube,Low-Intensity,3.71,2.804663334564388,0.9053366654356121,-24.402605537348034
SW-110,longitudinal,Non-Framed Tube,Low-Intensity,2.94,2.6595126063158365,0.2804873936841634,-9.540387540277667
SW-111,transverse,Non-Framed Tube,Low-Intensity,3.55,3.005819709041005,0.544180290958995,-15.32902228053507
SW-111,longitudinal,Non-Framed Tube,Low-Intensity,3.03,2.7609468257469603,0.26905317425303954,-8.879642714621768
SW-112,transverse,Non-Framed Tube,Low-Intensity,3.2,2.9096899426823852,0.29031005731761494,-9.072189291175468
SW-112,longitudinal,Non-Framed Tube,Low-Intensity,3.14,2.7401854706029716,0.39981452939702855,-12.732946796083711
SW-113,transverse,Non-Framed Tube,Low-Intensity,3.41,2.7609468257469603,0.6490531742530399,-19.033817426775364
SW-113,longitudinal,Non-Framed Tube,Low-Intensity,3.14,2.7826892502982283,0.3573107497017718,-11.379323238909928
SW-114,transverse,Non-Framed Tube,Low-Intensity,3.1,2.8294833640738077,0.27051663592619235,-8.726343094393302
SW-114,longitudinal,Non-Framed Tube,Low-Intensity,2.77,2.6830481161062427,0.0869518838937573,-3.1390571802800467
SW-115,transverse,Non-Framed Tube,Low-Intensity,3.41,2.971653790715004,0.4383462092849961,-12.854727545014548
SW-115,longitudinal,Non-Framed Tube,Low-Intensity,2.6,2.5591514772925312,0.04084852270746886,-1.5710970272103406
SW-116,transverse,Non-Framed Tube,Low-Intensity,3.54,2.9067109194989107,0.6332890805010893,-17.889522048053372
SW-116,longitudinal,Non-Framed Tube,Low-Intensity,2.61,2.671872348370808,-0.061872348370807906,2.370588060184211
SW-117,transverse,Non-Framed Tube,Low-Intensity,2.93,2.965479873664287,-0.03547987366428673,1.210917189907397
SW-117,longitudinal,Non-Framed Tube,Low-Intensity,2.83,2.706583625896648,0.12341637410335204,-4.361002618493005
SW-118,transverse,Non-Framed Tube,Low-Intensity,3.58,2.9607371346592695,0.6192628653407306,-17.297845400579067
SW-118,longitudinal,Non-Framed Tube,Low-Intensity,3.23,2.8547205515606846,0.3752794484393154,-11.618558775211001
SW-119,transverse,Non-Framed Tube,Low-Intensity,3.44,2.9607371346592695,0.4792628653407305,-13.932060038974724
SW-119,longitudinal,Non-Framed Tube,Low-Intensity,3.26,2.9048339637977922,0.35516603620220755,-10.894663687184282
SW-120,transverse,Non-Framed Tube,Low-Intensity,3.12,2.9319866666249883,0.1880133333750118,-6.026068377404224
SW-120,longitudinal,Non-Framed Tube,Low-Intensity,3.06,2.7882588999117957,0.2717411000882044,-8.88042810745766
SW-121,transverse,Non-Framed Tube,Low-Intensity,3.15,2.9607371346592695,0.18926286534073045,-6.008344931451759
SW-121,longitudinal,Non-Framed Tube,Low-Intensity,2.77,2.9048339637977922,-0.13483396379779222,4.867652122663979
SW-122,transverse,Non-Framed Tube,Low-Intensity,2.83,2.9607371346592695,-0.1307371346592694,4.619686737076657
SW-122,longitudinal,Non-Framed Tube,Low-Intensity,2.51,2.8547205515606846,-0.3447205515606848,13.733886516361945
SW-123,transverse,Non-Framed Tube,Low-Intensity,3.32,2.991266655174411,0.3287333448255887,-9.90160677185508
SW-123,longitudinal,Non-Framed Tube,Low-Intensity,3.06,2.748693088101969,0.31130691189803095,-10.173428493399705
SW-124,transverse,Non-Framed Tube,Low-Intensity,2.94,3.122552334315362,-0.18255233431536189,6.209263071951085
SW-124,longitudinal,Non-Framed Tube,Low-Intensity,2.77,2.791914512444198,-0.021914512444197953,0.791137633364547
SW-125,transverse,Non-Framed Tube,Low-Intensity,3.56,2.8578221529661523,0.7021778470338478,-19.724096826793478
SW-125,longitudinal,Non-Framed Tube,Low-Intensity,3.28,2.815777029644576,0.4642229703554239,-14.153139340104389
SW-126,transverse,Non-Framed Tube,Low-Intensity,3.61,2.88204098477095,0.7279590152290498,-20.165069673934898
SW-126,longitudinal,Non-Framed Tube,Low-Intensity,2.97,2.7824186992187276,0.18758130078127255,-6.31586871317416
SW-127,transverse,Non-Framed Tube,Low-Intensity,4.07,2.9535835116209044,1.116416488379096,-27.430380549854934
SW-127,longitudinal,Non-Framed Tube,Low-Intensity,3.39,2.8396395468449533,0.5503604531550468,-16.23482162699253
SW-128,transverse,Non-Framed Tube,Low-Intensity,3.84,3.0300423243063177,0.8099576756936822,-21.092647804522972
SW-128,longitudinal,Non-Framed Tube,Low-Intensity,3.21,2.8112743839379806,0.3987256160620194,-12.42135875582615
SW-129,transverse,Non-Framed Tube,Low-Intensity,3.83,2.977768851196921,0.8522311488030789,-22.251466026190048
SW-129,longitudinal,Non-Framed Tube,Low-Intensity,3.03,2.8671712384511916,0.1628287615488082,-5.373886519762648
SW-130,transverse,Non-Framed Tube,Low-Intensity,3.57,3.1459873442351562,0.4240126557648436,-11.87710520349702
SW-130,longitudinal,Non-Framed Tube,Low-Intensity,3.52,2.9779656889156483,0.5420343110843517,-15.398702019441812
SW-131,transverse,Non-Framed Tube,Low-Intensity,3.99,3.083641149381453,0.9063588506185472,-22.715760667131505
SW-131,longitudinal,Non-Framed Tube,Low-Intensity,3.15,2.932479187838268,0.21752081216173202,-6.905422608308953
SW-132,transverse,Non-Framed Tube,Low-Intensity,3.37,3.0801256685097282,0.28987433149027186,-8.601612210393824
SW-132,longitudinal,Non-Framed Tube,Low-Intensity,2.8,2.95651590249268,-0.15651590249268033,5.589853660452869
SW-133,transverse,Non-Framed Tube,Low-Intensity,3.88,3.139402306578363,0.7405976934216367,-19.087569418083422
SW-133,longitudinal,Non-Framed Tube,Low-Intensity,3.38,2.95651590249268,0.42348409750731975,-12.529115310867448
SW-134,transverse,Non-Framed Tube,Low-Intensity,3.62,3.0023752437428257,0.6176247562571744,-17.061457355170564
SW-134,longitudinal,Non-Framed Tube,Low-Intensity,3.31,2.9145624985908807,0.3954375014091194,-11.94675230843261
SW-135,transverse,Non-Framed Tube,Low-Intensity,3.94,2.9589521328468424,0.9810478671531575,-24.89969205972481
SW-135,longitudinal,Non-Framed Tube,Low-Intensity,3.38,3.077683659168001,0.3023163408319989,-8.944270438816535
SW-136,transverse,Non-Framed Tube,Low-Intensity,4.0,3.159468390759686,0.8405316092403141,-21.013290231007854
SW-136,longitudinal,Non-Framed Tube,Low-Intensity,3.17,3.0273539755997376,0.1426460244002623,-4.499874586759064
SW-137,transverse,Non-Framed Tube,Low-Intensity,3.99,3.159468390759686,0.8305316092403143,-20.815328552388827
SW-137,longitudinal,Non-Framed Tube,Low-Intensity,3.21,2.9828146500472204,0.2271853499527796,-7.0774252321738205
SW-138,transverse,Non-Framed Tube,Low-Intensity,3.95,3.190449498555247,0.7595505014447532,-19.22912661885451
SW-138,longitudinal,Non-Framed Tube,Low-Intensity,2.92,2.9227087176667306,-0.0027087176667306423,0.09276430365515899
SW-139,transverse,Non-Framed Tube,Low-Intensity,3.88,3.1008171508331572,0.7791828491668427,-20.08203219502172
SW-139,longitudinal,Non-Framed Tube,Low-Intensity,3.2,2.9856493888004145,0.21435061119958565,-6.698456599987051
SW-140,transverse,Non-Framed Tube,Low-Intensity,4.06,3.075603908224358,0.9843960917756416,-24.246209157035512
SW-140,longitudinal,Non-Framed Tube,Low-Intensity,3.58,3.028626046455916,0.551373953544084,-15.401507082236984
SW-141,transverse,Non-Framed Tube,Low-Intensity,3.66,3.3222217836769,0.3377782163231,-9.228913014292349
SW-141,longitudinal,Non-Framed Tube,Low-Intensity,3.06,2.8138794281702286,0.24612057182977143,-8.043155942149394
SW-142,transverse,Non-Framed Tube,Low-Intensity,3.59,3.1008171508331572,0.4891828491668426,-13.626263207990046
SW-142,longitudinal,Non-Framed Tube,Low-Intensity,3.07,3.028626046455916,0.0413739535440838,-1.347685783194912
SW-143,transverse,Non-Framed Tube,Low-Intensity,3.44,3.3894371492141104,0.05056285078588951,-1.4698503135432999
SW-143,longitudinal,Non-Framed Tube,Low-Intensity,2.98,3.0305396844479757,-0.05053968444797574,1.6959625653683135
SW-144,transverse,Non-Framed Tube,Low-Intensity,3.73,3.241496690532131,0.4885033094678688,-13.096603470988441
SW-144,longitudinal,Non-Framed Tube,Low-Intensity,3.53,3.075791639209333,0.4542083607906666,-12.867092373673275
SW-145,transverse,Non-Framed Tube,Low-Intensity,3.18,3.2749212517857775,-0.09492125178577737,2.98494502470998
SW-145,longitudinal,Non-Framed Tube,Low-Intensity,3.04,3.1000134630515355,-0.06001346305153543,1.9741270740636654
SW-146,transverse,Non-Framed Tube,Low-Intensity,3.69,3.1254268107604046,0.5645731892395953,-15.300086429257327
SW-146,longitudinal,Non-Framed Tube,Low-Intensity,3.06,2.969472057149398,0.09052794285060184,-2.9584295049216287
SW-147,transverse,Non-Framed Tube,Low-Intensity,3.55,3.300708033295902,0.24929196670409803,-7.022308921242198
SW-147,longitudinal,Non-Framed Tube,Low-Intensity,3.47,3.1000104710141314,0.3699895289858688,-10.662522449160484
SW-148,transverse,Non-Framed Tube,Low-Intensity,3.35,3.508586784532786,-0.15858678453278596,4.733933866650327
SW-148,longitudinal,Non-Framed Tube,Low-Intensity,3.32,3.124423017878713,0.19557698212128694,-5.890872955460449
SW-149,transverse,Non-Framed Tube,Low-Intensity,3.9,3.100736190419152,0.799263809580848,-20.49394383540636
SW-149,longitudinal,Non-Framed Tube,Low-Intensity,2.96,2.7636899772726613,0.19631002272733866,-6.63209536241009
SW-150,transverse,Non-Framed Tube,Low-Intensity,3.98,3.2266038362245175,0.7533961637754825,-18.92955185365534
SW-150,longitudinal,Non-Framed Tube,Low-Intensity,3.26,2.6293912793986154,0.6306087206013844,-19.34382578531854
SW-151,transverse,Non-Framed Tube,Low-Intensity,3.96,3.3522815963161503,0.6077184036838497,-15.346424335450749
SW-151,longitudinal,Non-Framed Tube,Low-Intensity,3.44,3.080431909079793,0.3595680909202068,-10.45256078256415
SW-152,transverse,Non-Framed Tube,Low-Intensity,3.2,3.541611380813479,-0.34161138081347886,10.675355650421213
SW-152,longitudinal,Non-Framed Tube,Low-Intensity,2.79,2.9895481148381875,-0.19954811483818746,7.152262180580195
SW-153,transverse,Non-Framed Tube,Low-Intensity,4.03,3.3435910744858988,0.6864089255141015,-17.03247954129284
SW-153,longitudinal,Non-Framed Tube,Low-Intensity,3.23,3.1726669664285247,0.057333033571475234,-1.7750165192407192
SW-154,transverse,Non-Framed Tube,Low-Intensity,3.58,3.3435910744858988,0.2364089255141013,-6.603601271343613
SW-154,longitudinal,Non-Framed Tube,Low-Intensity,3.42,3.024937238984474,0.39506276101552595,-11.55154271975222
SW-155,transverse,Non-Framed Tube,Low-Intensity,4.03,3.276243895243356,0.7537561047566443,-18.70362542820457
SW-155,longitudinal,Non-Framed Tube,Low-Intensity,3.08,3.106687292333544,-0.026687292333543944,0.8664705303098683
SW-156,transverse,Non-Framed Tube,Low-Intensity,3.94,3.330542389526779,0.6094576104732208,-15.46846727089393
SW-156,longitudinal,Non-Framed Tube,Low-Intensity,3.02,2.955204255055754,0.064795744944246,-2.1455544683525165
SW-157,transverse,Non-Framed Tube,Low-Intensity,4.22,3.330542389526779,0.8894576104732206,-21.077194560976793
SW-157,longitudinal,Non-Framed Tube,Low-Intensity,3.36,3.2211046300381208,0.13889536996187912,-4.133790772674974
SW-158,transverse,Non-Framed Tube,Low-Intensity,4.12,3.394638266462783,0.7253617335372171,-17.60586731886449
SW-158,longitudinal,Non-Framed Tube,Low-Intensity,3.33,3.1968830490368005,0.13311695096319953,-3.997506034930917
SW-159,transverse,Non-Framed Tube,Low-Intensity,4.51,3.330542389526779,1.1794576104732206,-26.152053447299792
SW-159,longitudinal,Non-Framed Tube,Low-Intensity,3.78,3.052837714350945,0.7271622856490549,-19.237097503943254
SW-160,transverse,Non-Framed Tube,Low-Intensity,3.53,3.4929965610158824,0.0370034389841174,-1.0482560618730141
SW-160,longitudinal,Non-Framed Tube,Low-Intensity,3.41,3.2453234618429185,0.1646765381570816,-4.829223992876293
SW-161,transverse,Non-Framed Tube,Low-Intensity,3.34,3.649752186334501,-0.3097521863345012,9.274017554925186
SW-161,longitudinal,Non-Framed Tube,Low-Intensity,3.1,3.136545800261383,-0.036545800261382766,1.1788967826252505
SW-162,transverse,Non-Framed Tube,Low-Intensity,4.29,3.3755240132810336,0.9144759867189665,-21.316456566875676
SW-162,longitudinal,Non-Framed Tube,Low-Intensity,3.2,3.293761125452514,-0.09376112545251392,2.9300351703910597
SW-163,transverse,Non-Framed Tube,Low-Intensity,3.61,3.6563219641128595,-0.046321964112859604,1.28315690063323
SW-163,longitudinal,Non-Framed Tube,Low-Intensity,3.1,2.8562478464963412,0.24375215350365886,-7.862972693666414
SW-164,transverse,Non-Framed Tube,Low-Intensity,4.02,3.400344042790453,0.6196559572095466,-15.414327293769817
SW-164,longitudinal,Non-Framed Tube,Low-Intensity,3.69,3.3441090113233094,0.34589098867669055,-9.373739530533618
SW-165,transverse,Non-Framed Tube,Low-Intensity,4.15,3.4307090779335994,0.719290922066401,-17.332311375093997
SW-165,longitudinal,Non-Framed Tube,Low-Intensity,3.76,3.2930299076544483,0.46697009234555154,-12.419417349615733
SW-166,transverse,Non-Framed Tube,Low-Intensity,3.88,3.4880531033986926,0.3919468966013073,-10.101724139208953
SW-166,longitudinal,Non-Framed Tube,Low-Intensity,3.27,2.968980707352646,0.30101929264735405,-9.205482955576576
SW-167,transverse,Non-Framed Tube,Low-Intensity,4.14,3.5638803447769254,0.5761196552230743,-13.915933701040442
SW-167,longitudinal,Non-Framed Tube,Low-Intensity,3.75,3.389176766272097,0.36082323372790315,-9.62195289941075
SW-168,transverse,Non-Framed Tube,Low-Intensity,4.04,3.49962416082813,0.5403758391718698,-13.375639583462123
SW-168,longitudinal,Non-Framed Tube,Low-Intensity,3.42,3.3646149252532647,0.05538507474673526,-1.619446630021499
SW-169,transverse,Non-Framed Tube,Low-Intensity,4.78,3.469962049741867,1.3100379502581334,-27.406651679040444
SW-169,longitudinal,Non-Framed Tube,Low-Intensity,4.0,3.3646149252532647,0.6353850747467353,-15.884626868668384
SW-170,transverse,Non-Framed Tube,Low-Intensity,4.3,3.6754665306211898,0.62453346937881,-14.524034171600235
SW-170,longitudinal,Non-Framed Tube,Low-Intensity,3.84,3.389176766272097,0.450823233727903,-11.740188378330807
SW-171,transverse,Non-Framed Tube,Low-Intensity,4.69,3.5891560919030026,1.1008439080969978,-23.47215155857138
SW-171,longitudinal,Non-Framed Tube,Low-Intensity,4.15,3.4390741162813017,0.7109258837186987,-17.130744185992736
SW-172,transverse,Non-Framed Tube,Low-Intensity,4.09,3.494571709669114,0.5954282903308861,-14.558148907845625
SW-172,longitudinal,Non-Framed Tube,Low-Intensity,3.8,3.4661567854591966,0.33384321454080323,-8.78534775107377
SW-173,transverse,Non-Framed Tube,Low-Intensity,3.97,3.519181369596361,0.450818630403639,-11.355633007648336
SW-173,longitudinal,Non-Framed Tube,Low-Intensity,3.75,3.41233995965402,0.33766004034597996,-9.004267742559467
SW-174,transverse,Non-Framed Tube,Low-Intensity,4.34,3.490566340286374,0.8494336597136258,-19.572204140866955
SW-174,longitudinal,Non-Framed Tube,Low-Intensity,4.05,3.4632929480860994,0.5867070519139004,-14.486593874417295
SW-175,transverse,Non-Framed Tube,Low-Intensity,3.6,3.490566340286374,0.10943365971362606,-3.0398238809340574
SW-175,longitudinal,Non-Framed Tube,Low-Intensity,3.08,3.4632929480860994,-0.38329294808609937,12.444576236561668
SW-176,transverse,Non-Framed Tube,Low-Intensity,3.97,3.770458056077752,0.19954194392224833,-5.026245438847566
SW-176,longitudinal,Non-Framed Tube,Low-Intensity,3.81,3.388475099987772,0.4215249000122281,-11.063645669612285
SW-177,transverse,Non-Framed Tube,Low-Intensity,4.44,3.519181369596361,0.9208186304036392,-20.739158342424304
SW-177,longitudinal,Non-Framed Tube,Low-Intensity,3.4,3.437250195580921,-0.03725019558092102,1.0955939876741476
SW-178,transverse,Non-Framed Tube,Low-Intensity,5.07,3.61443183902908,1.4555681609709201,-28.709431182858385
SW-178,longitudinal,Non-Framed Tube,Low-Intensity,4.26,2.992300093952684,1.2676999060473157,-29.758213756979245
SW-179,transverse,Non-Framed Tube,Low-Intensity,4.19,3.4632929480860994,0.726707051913901,-17.34384372109549
SW-179,longitudinal,Non-Framed Tube,Low-Intensity,3.49,3.4632929480860994,0.02670705191390077,-0.765245040512916
SW-180,transverse,Non-Framed Tube,Low-Intensity,4.06,3.6753978223356447,0.3846021776643549,-9.472960040993964
SW-180,longitudinal,Non-Framed Tube,Low-Intensity,3.82,3.4875117798908977,0.3324882201091022,-8.70388010756812
SW-181,transverse,Non-Framed Tube,Low-Intensity,4.29,3.6649833332812354,0.6250166667187647,-14.569153070367474
SW-181,longitudinal,Non-Framed Tube,Low-Intensity,3.65,3.1195811780154616,0.5304188219845383,-14.532022520124336
SW-182,transverse,Non-Framed Tube,Low-Intensity,4.22,3.5393854499407293,0.6806145500592704,-16.12830687344243
SW-182,longitudinal,Non-Framed Tube,Low-Intensity,4.02,3.5393854499407293,0.48061455005927023,-11.955585822369908
SW-183,transverse,Non-Framed Tube,Low-Intensity,3.53,3.8495585747367254,-0.31955857473672555,9.052650842400158
SW-183,longitudinal,Non-Framed Tube,Low-Intensity,3.16,3.3131432691972753,-0.15314326919727517,4.846305987255543
SW-184,transverse,Non-Framed Tube,Low-Intensity,3.85,3.593010349378103,0.25698965062189716,-6.675055860309016
SW-184,longitudinal,Non-Framed Tube,Low-Intensity,3.29,3.2775097867079785,0.01249021329202149,-0.3796417413988295
SW-185,transverse,Non-Framed Tube,Low-Intensity,4.0,3.8495585747367254,0.15044142526327464,-3.761035631581866
SW-185,longitudinal,Non-Framed Tube,Low-Intensity,3.86,3.459561990197306,0.40043800980269406,-10.374041704733008
SW-186,transverse,Non-Framed Tube,Low-Intensity,3.79,3.831869361711453,-0.041869361711452946,1.1047324989829272
SW-186,longitudinal,Non-Framed Tube,Low-Intensity,3.26,3.2662783871668863,-0.0062783871668865565,0.19258856340142813
SW-187,transverse,Non-Framed Tube,Low-Intensity,4.17,3.6485443378846463,0.5214556621153537,-12.504931945212318
SW-187,longitudinal,Non-Framed Tube,Low-Intensity,3.49,2.9549926728855223,0.535007327114478,-15.329722839956387
SW-188,transverse,Non-Framed Tube,Low-Intensity,4.29,3.857936500226497,0.4320634997735029,-10.071410251130603
SW-188,longitudinal,Non-Framed Tube,Low-Intensity,2.95,3.4174863463336043,-0.4674863463336041,15.84699479096963
SW-189,transverse,Non-Framed Tube,Low-Intensity,4.54,3.7408105746594673,0.7991894253405327,-17.603291307060193
SW-189,longitudinal,Non-Framed Tube,Low-Intensity,3.87,3.4174863463336043,0.45251365366639584,-11.692859267865526
SW-190,transverse,Non-Framed Tube,Low-Intensity,4.46,3.5316525456559087,0.9283474543440913,-20.814965344037923
SW-190,longitudinal,Non-Framed Tube,Low-Intensity,4.32,3.6422296692325973,0.677770330767403,-15.689128027023216
SW-191,transverse,Non-Framed Tube,Low-Intensity,3.86,3.9813927725016813,-0.12139277250168146,3.1448904793181724
SW-191,longitudinal,Non-Framed Tube,Low-Intensity,3.63,3.5780401405465287,0.05195985945347115,-1.4314010868724834
SW-192,transverse,Non-Framed Tube,Low-Intensity,3.76,3.625431400686218,0.13456859931378196,-3.578952109409095
SW-192,longitudinal,Non-Framed Tube,Low-Intensity,3.74,3.6509651316577973,0.08903486834220287,-2.3806114530000766
SW-193,transverse,Non-Framed Tube,Low-Intensity,3.58,3.91774080454201,-0.33774080454201005,9.434100685531007
SW-193,longitudinal,Non-Framed Tube,Low-Intensity,3.39,3.6986901660585527,-0.3086901660585526,9.105904603497127
SW-194,transverse,Non-Framed Tube,Low-Intensity,4.6,3.847104573960001,0.7528954260399985,-16.36729187043475
SW-194,longitudinal,Non-Framed Tube,Low-Intensity,3.72,3.753918929743674,-0.03391892974367394,0.9117991866579016
SW-195,transverse,Non-Framed Tube,Low-Intensity,4.15,4.330911812157658,-0.18091181215765761,4.359320774883316
SW-195,longitudinal,Non-Framed Tube,Low-Intensity,3.82,3.4933988771882993,0.3266011228117005,-8.549767612871742
SW-196,transverse,Non-Framed Tube,Low-Intensity,4.2,4.218694328478604,-0.018694328478603417,0.44510305901436703
SW-196,longitudinal,Non-Framed Tube,Low-Intensity,3.79,3.4723647645581917,0.3176352354418084,-8.380876924585973
SW-197,transverse,Non-Framed Tube,Low-Intensity,3.8,4.218694328478604,-0.41869432847860377,11.018271802068522
SW-197,longitudinal,Non-Framed Tube,Low-Intensity,3.62,3.5731802262479095,0.046819773752090565,-1.2933639158036068
SW-198,transverse,Non-Framed Tube,Low-Intensity,4.65,4.196809300922068,0.45319069907793263,-9.746036539310378
SW-198,longitudinal,Non-Framed Tube,Low-Intensity,4.11,3.869911059360337,0.24008894063966313,-5.84158006422538
SW-199,transverse,Non-Framed Tube,Low-Intensity,5.33,4.1348225501276,1.1951774498724,-22.42359193006379
SW-199,longitudinal,Non-Framed Tube,Low-Intensity,4.54,3.5316067641506272,1.0083932358493728,-22.21130475439147
SW-200,transverse,Non-Framed Tube,Low-Intensity,4.56,3.838692071314819,0.7213079286851807,-15.818156330815368
SW-200,longitudinal,Non-Framed Tube,Low-Intensity,3.77,3.42885278975484,0.3411472102451598,-9.048997619235008
SW-201,transverse,Non-Framed Tube,Low-Intensity,4.27,4.248943577952155,0.021056422047844414,-0.49312463812282004
SW-201,longitudinal,Non-Framed Tube,Low-Intensity,3.77,3.719819410065836,0.050180589934163855,-1.3310501308796778
SW-202,transverse,Non-Framed Tube,Low-Intensity,4.46,3.764401392131992,0.6955986078680079,-15.596381342332014
SW-202,longitudinal,Non-Framed Tube,Low-Intensity,3.88,3.7426403880417,0.13735961195830004,-3.5401961844922694
SW-203,transverse,Non-Framed Tube,Low-Intensity,4.35,4.48366489029898,-0.13366489029898077,3.0727560988271443
SW-203,longitudinal,Non-Framed Tube,Low-Intensity,3.89,3.928120516544086,-0.03812051654408588,0.9799618648865265
SW-204,transverse,Non-Framed Tube,Low-Intensity,4.25,4.05195274194342,0.1980472580565804,-4.659935483684245
SW-204,longitudinal,Non-Framed Tube,Low-Intensity,3.63,3.619344611407887,0.010655388592113013,-0.29353687581578547
SW-205,transverse,Non-Framed Tube,Low-Intensity,4.04,4.623019436023702,-0.5830194360237018,14.431174159002518
SW-205,longitudinal,Non-Framed Tube,Low-Intensity,4.01,4.024572174159363,-0.014572174159363627,0.36339586432328247
SW-206,transverse,Non-Framed Tube,Low-Intensity,4.21,4.071643193740175,0.13835680625982505,-3.2863849467891937
SW-206,longitudinal,Non-Framed Tube,Low-Intensity,4.05,4.099344002083109,-0.049344002083109295,1.2183704218051679
SW-207,transverse,Non-Framed Tube,Low-Intensity,3.84,4.5878300822204805,-0.7478300822204806,19.474741724491686
SW-207,longitudinal,Non-Framed Tube,Low-Intensity,3.13,3.8471607888023045,-0.7171607888023046,22.912485265249348
SW-208,transverse,Non-Framed Tube,Low-Intensity,4.35,4.535682101617638,-0.18568210161763865,4.268554060175601
SW-208,longitudinal,Non-Framed Tube,Low-Intensity,4.1,4.09517870353058,0.004821296469419423,-0.11759259681510788
SW-209,transverse,Non-Framed Tube,Low-Intensity,4.58,4.5126867642717405,0.06731323572825954,-1.4697213041104702
SW-209,longitudinal,Non-Framed Tube,Low-Intensity,4.42,4.175940510066108,0.2440594899338917,-5.521707917056373
SW-210,transverse,Non-Framed Tube,Low-Intensity,4.58,4.640563761326463,-0.06056376132646335,1.3223528673900296
SW-210,longitudinal,Non-Framed Tube,Low-Intensity,4.49,4.089126376637062,0.40087362336293797,-8.928143059308194
SW-211,transverse,Non-Framed Tube,Low-Intensity,4.65,4.568723681931114,0.08127631806888669,-1.747877807933047
SW-211,longitudinal,Non-Framed Tube,Low-Intensity,4.49,4.302571923139754,0.18742807686024587,-4.1743446962192845
SW-212,transverse,Non-Framed Tube,Low-Intensity,3.86,4.719664279985437,-0.8596642799854375,22.271095336410298
SW-212,longitudinal,Non-Framed Tube,Low-Intensity,3.44,4.108706397509918,-0.6687063975099181,19.43913946249762
SW-213,transverse,Non-Framed Tube,Low-Intensity,4.88,4.517245370714324,0.3627546292856758,-7.433496501755651
SW-213,longitudinal,Non-Framed Tube,Low-Intensity,4.51,4.407827388473218,0.10217261152678159,-2.265468104806687
SW-214,transverse,Non-Framed Tube,Low-Intensity,4.4,4.825131638197402,-0.42513163819740196,9.66208268630459
SW-214,longitudinal,Non-Framed Tube,Low-Intensity,3.79,3.801555585652773,-0.011555585652772926,0.30489671907052573
SW-215,transverse,Non-Framed Tube,Low-Intensity,4.44,4.910680594136979,-0.4706805941369785,10.60091428236438
SW-215,longitudinal,Non-Framed Tube,Low-Intensity,3.8,3.975704683363067,-0.1757046833630671,4.623807456922819
SW-216,transverse,Non-Framed Tube,Low-Intensity,5.03,4.798436045827092,0.2315639541729082,-4.603657140614477
SW-216,longitudinal,Non-Framed Tube,Low-Intensity,4.19,4.117295322260677,0.07270467773932321,-1.73519517277621
SW-217,transverse,Non-Framed Tube,Low-Intensity,4.76,4.978823456373385,-0.21882345637338485,4.597131436415649
SW-217,longitudinal,Non-Framed Tube,Low-Intensity,4.01,3.875369510025023,0.13463048997497662,-3.3573688273061504
SW-218,transverse,Non-Framed Tube,Low-Intensity,1.83,2.041887679075358,-0.2118876790753581,11.578561698107
SW-218,longitudinal,Non-Framed Tube,Low-Intensity,1.6,2.0033337681364083,-0.4033337681364082,25.20836050852551
SW-219,transverse,Non-Framed Tube,Low-Intensity,1.81,2.022059770086199,-0.2120597700861988,11.716009397027559
SW-219,longitudinal,Non-Framed Tube,Low-Intensity,1.66,1.895650405587565,-0.235650405587565,14.195807565515965
SW-220,transverse,Non-Framed Tube,Low-Intensity,1.76,1.9617253761886297,-0.20172537618862973,11.46166910162669
SW-220,longitudinal,Non-Framed Tube,Low-Intensity,1.59,1.977173941001373,-0.3871739410013728,24.350562327130366
SW-221,transverse,Non-Framed Tube,Low-Intensity,1.87,1.9469738870073747,-0.07697388700737462,4.116250642105594
SW-221,longitudinal,Non-Framed Tube,Low-Intensity,1.72,2.0104223902629683,-0.29042239026296834,16.885022689707462
SW-222,transverse,Non-Framed Tube,Low-Intensity,1.93,1.9469738870073747,-0.01697388700737479,0.8794760107448077
SW-222,longitudinal,Non-Framed Tube,Low-Intensity,1.63,1.9933824541070297,-0.36338245410702985,22.293402092455818
SW-223,transverse,Non-Framed Tube,Low-Intensity,1.9,2.0473355172122765,-0.14733551721227656,7.754500905909293
SW-223,longitudinal,Non-Framed Tube,Low-Intensity,1.68,1.848499216044986,-0.16849921604498608,10.029715240772981
SW-224,transverse,Non-Framed Tube,Low-Intensity,2.14,1.9567264104309765,0.18327358956902362,-8.564186428459047
SW-224,longitudinal,Non-Framed Tube,Low-Intensity,1.9,2.0179921140342767,-0.11799211403427678,6.210111264961936
SW-225,transverse,Non-Framed Tube,Low-Intensity,2.82,1.9859442079934275,0.8340557920065723,-29.576446525055758
SW-225,longitudinal,Non-Framed Tube,Low-Intensity,2.37,1.9710106016617865,0.39898939833821356,-16.834995710473148
SW-226,transverse,Non-Framed Tube,Low-Intensity,2.04,2.0015834958285503,0.038416504171449706,-1.883161969188711
SW-226,longitudinal,Non-Framed Tube,Low-Intensity,1.5,1.9567264104309765,-0.4567264104309765,30.4484273620651
SW-227,transverse,Non-Framed Tube,Low-Intensity,2.09,2.0259930506557278,0.06400694934427209,-3.0625334614484254
SW-227,longitudinal,Non-Framed Tube,Low-Intensity,2.09,1.9805889276313542,0.10941107236864567,-5.23497953916965
SW-228,transverse,Non-Framed Tube,Low-Intensity,1.97,2.010163039798226,-0.040163039798226,2.0387329846815225
SW-228,longitudinal,Non-Framed Tube,Low-Intensity,1.81,1.9667372957970983,-0.15673729579709827,8.659519104812059
SW-229,transverse,Non-Framed Tube,Low-Intensity,2.23,2.0259930506557278,0.20400694934427221,-9.148293692568261
SW-229,longitudinal,Non-Framed Tube,Low-Intensity,1.83,2.010163039798226,-0.1801630397982259,9.84497485236207
SW-230,transverse,Non-Framed Tube,Low-Intensity,2.29,2.0672114338887715,0.22278856611122855,-9.728758345468496
SW-230,longitudinal,Non-Framed Tube,Low-Intensity,2.26,2.004451444831732,0.2555485551682679,-11.307458193286191
SW-231,transverse,Non-Framed Tube,Low-Intensity,2.57,2.123162758590509,0.446837241409491,-17.38666308986346
SW-231,longitudinal,Non-Framed Tube,Low-Intensity,2.55,2.004451444831732,0.545548555168268,-21.3940609869909
SW-232,transverse,Non-Framed Tube,Low-Intensity,1.93,2.019084030970611,-0.0890840309706109,4.615752900031652
SW-232,longitudinal,Non-Framed Tube,Low-Intensity,1.83,2.0672114338887715,-0.23721143388877142,12.962373436544885
SW-233,transverse,Non-Framed Tube,Low-Intensity,2.37,2.1918764283605596,0.17812357163944048,-7.515762516432088
SW-233,longitudinal,Non-Framed Tube,Low-Intensity,2.06,1.7657498621884464,0.2942501378115536,-14.283987272405517
SW-234,transverse,Non-Framed Tube,Low-Intensity,1.91,2.109702508300646,-0.19970250830064606,10.455628706840109
SW-234,longitudinal,Non-Framed Tube,Low-Intensity,1.48,2.091821093816019,-0.6118210938160189,41.339263095676955
SW-235,transverse,Non-Framed Tube,Low-Intensity,2.73,2.116430753743266,0.6135692462567341,-22.475063965448136
SW-235,longitudinal,Non-Framed Tube,Low-Intensity,2.03,1.9858366607073645,0.04416333929263527,-2.1755339553022304
SW-236,transverse,Non-Framed Tube,Low-Intensity,2.36,2.153583800746639,0.20641619925336085,-8.746449120905122
SW-236,longitudinal,Non-Framed Tube,Low-Intensity,2.26,2.037824186006632,0.22217581399336783,-9.830788229795038
SW-237,transverse,Non-Framed Tube,Low-Intensity,1.84,2.153583800746639,-0.31358380074663894,17.042597866665158
SW-237,longitudinal,Non-Framed Tube,Low-Intensity,1.51,2.116430753743266,-0.6064307537432658,40.16097706909046
SW-238,transverse,Non-Framed Tube,Low-Intensity,1.99,2.0828195352126193,-0.09281953521261932,4.664298251890418
SW-238,longitudinal,Non-Framed Tube,Low-Intensity,1.83,2.037824186006632,-0.20782418600663188,11.35651289653726
SW-239,transverse,Non-Framed Tube,Low-Intensity,2.15,2.3520625200822343,-0.20206252008223435,9.398256748010901
SW-239,longitudinal,Non-Framed Tube,Low-Intensity,1.86,1.8880983407285168,-0.02809834072851669,1.510663480027779
SW-240,transverse,Non-Framed Tube,Low-Intensity,2.4,2.0615198160764767,0.3384801839235232,-14.103340996813465
SW-240,longitudinal,Non-Framed Tube,Low-Intensity,2.27,2.0911941749338467,0.17880582506615328,-7.876908593222611
SW-241,transverse,Non-Framed Tube,Low-Intensity,2.08,2.159342567319485,-0.07934256731948475,3.8145465057444587
SW-241,longitudinal,Non-Framed Tube,Low-Intensity,2.06,2.0911941749338467,-0.031194174933846686,1.5142803365944992
SW-242,transverse,Non-Framed Tube,Low-Intensity,2.1,2.2287088170517544,-0.1287088170517543,6.128991288178776
SW-242,longitudinal,Non-Framed Tube,Low-Intensity,1.65,2.1724503796187924,-0.5224503796187925,31.66365937083591
SW-243,transverse,Non-Framed Tube,Low-Intensity,2.55,2.2287088170517544,0.32129118294824544,-12.599654233264527
SW-243,longitudinal,Non-Framed Tube,Low-Intensity,2.06,2.155476030627013,-0.09547603062701304,4.634758768301604
SW-244,transverse,Non-Framed Tube,Low-Intensity,2.27,2.3208103359111814,-0.05081033591118134,2.2383407890388254
SW-244,longitudinal,Non-Framed Tube,Low-Intensity,1.79,1.9997622778572772,-0.2097622778572772,11.718563008786434
SW-245,transverse,Non-Framed Tube,Low-Intensity,2.38,2.2748172413469736,0.10518275865302629,-4.419443640883458
SW-245,longitudinal,Non-Framed Tube,Low-Intensity,2.22,2.1181958811365074,0.10180411886349283,-4.585771119977154
SW-246,transverse,Non-Framed Tube,Low-Intensity,2.32,2.3208103359111814,-0.0008103359111815145,0.034928272033685974
SW-246,longitudinal,Non-Framed Tube,Low-Intensity,2.03,2.1181958811365074,-0.08819588113650756,4.3446246865274665
SW-247,transverse,Non-Framed Tube,Low-Intensity,2.56,2.2338026558477426,0.32619734415225743,-12.742083755947556
SW-247,longitudinal,Non-Framed Tube,Low-Intensity,2.17,2.179694862431811,-0.009694862431810947,0.44676785400050445
SW-248,transverse,Non-Framed Tube,Low-Intensity,2.12,2.4286518155786148,-0.30865181557861465,14.559047904651633
SW-248,longitudinal,Non-Framed Tube,Low-Intensity,2.0,1.9113229699781613,0.08867703002183869,-4.433851501091935
SW-249,transverse,Non-Framed Tube,Low-Intensity,2.45,2.2394790533795024,0.2105209466204978,-8.592691698795829
SW-249,longitudinal,Non-Framed Tube,Low-Intensity,2.29,2.2212694892731473,0.06873051072685277,-3.0013323461507757
SW-250,transverse,Non-Framed Tube,Low-Intensity,2.49,2.372109604868995,0.1178903951310053,-4.734554021325514
SW-250,longitudinal,Non-Framed Tube,Low-Intensity,2.04,2.156302336355855,-0.11630233635585485,5.70109491940465
SW-251,transverse,Non-Framed Tube,Low-Intensity,2.48,2.4257492388751967,0.054250761124803315,-2.1875306905162626
SW-251,longitudinal,Non-Framed Tube,Low-Intensity,2.31,2.211377748205907,0.0986222517940929,-4.269361549527831
SW-252,transverse,Non-Framed Tube,Low-Intensity,2.14,2.325368735599129,-0.1853687355991287,8.662090448557416
SW-252,longitudinal,Non-Framed Tube,Low-Intensity,1.63,1.9044111561230408,-0.2744111561230409,16.835040252947294
SW-253,transverse,Non-Framed Tube,Low-Intensity,2.46,2.2640887133067498,0.1959112866932502,-7.963873442815049
SW-253,longitudinal,Non-Framed Tube,Low-Intensity,2.19,2.2456790441003247,-0.05567904410032476,2.5424221050376605
SW-254,transverse,Non-Framed Tube,Low-Intensity,2.56,2.4553402970684894,0.10465970293151061,-4.088269645762133
SW-254,longitudinal,Non-Framed Tube,Low-Intensity,2.28,2.1374978786966463,0.1425021213033535,-6.250093039620768
SW-255,transverse,Non-Framed Tube,Low-Intensity,3.1,2.3038338333568698,0.7961661666431303,-25.682779569133235
SW-255,longitudinal,Non-Framed Tube,Low-Intensity,3.09,2.2640887133067498,0.8259112866932501,-26.72852060495955
SW-256,transverse,Non-Framed Tube,Low-Intensity,2.89,2.3723838989314294,0.5176161010685707,-17.910591732476494
SW-256,longitudinal,Non-Framed Tube,Low-Intensity,2.16,2.211377748205907,-0.051377748205907015,2.3785994539771766
SW-257,transverse,Non-Framed Tube,Low-Intensity,2.36,2.328875505458575,0.031124494541424852,-1.3188345144671547
SW-257,longitudinal,Non-Framed Tube,Low-Intensity,2.18,2.134691033343142,0.04530896665685802,-2.078392965910918
SW-258,transverse,Non-Framed Tube,Low-Intensity,2.48,2.308262744376001,0.1717372556239991,-6.9248893396773825
SW-258,longitudinal,Non-Framed Tube,Low-Intensity,2.2,2.2523513578462047,-0.05235135784620448,2.379607174827476
SW-259,transverse,Non-Framed Tube,Low-Intensity,2.05,2.2944981537546796,-0.24449815375467976,11.926739207545356
SW-259,longitudinal,Non-Framed Tube,Low-Intensity,1.83,2.0400142991779378,-0.21001429917793768,11.476191211909162
SW-260,transverse,Non-Framed Tube,Low-Intensity,2.48,2.424741618901988,0.055258381098012066,-2.228160528145648
SW-260,longitudinal,Non-Framed Tube,Low-Intensity,2.42,2.3379176930884915,0.08208230691150842,-3.391830864111918
SW-261,transverse,Non-Framed Tube,Low-Intensity,3.1,2.5048497575341706,0.5951502424658295,-19.198394918252564
SW-261,longitudinal,Non-Framed Tube,Low-Intensity,2.64,2.266939134035887,0.37306086596411303,-14.131093407731555
SW-262,transverse,Non-Framed Tube,Low-Intensity,3.15,2.5048497575341706,0.6451502424658293,-20.480960078280294
SW-262,longitudinal,Non-Framed Tube,Low-Intensity,3.0,1.8927865788759997,1.1072134211240003,-36.90711403746668
SW-263,transverse,Non-Framed Tube,Low-Intensity,2.39,2.5683441311242787,-0.1783441311242786,7.4620975365806945
SW-263,longitudinal,Non-Framed Tube,Low-Intensity,2.18,2.1936567763627863,-0.013656776362786172,0.6264576313204665
SW-264,transverse,Non-Framed Tube,Low-Intensity,2.68,2.40400052176369,0.2759994782363102,-10.29848799389217
SW-264,longitudinal,Non-Framed Tube,Low-Intensity,2.37,2.3075246068235553,0.06247539317644479,-2.6360925390904977
SW-265,transverse,Non-Framed Tube,Low-Intensity,2.75,2.362527353015739,0.3874726469842611,-14.089914435791313
SW-265,longitudinal,Non-Framed Tube,Low-Intensity,2.52,2.3433172634090345,0.17668273659096556,-7.011219705990697
SW-266,transverse,Non-Framed Tube,Low-Intensity,2.37,2.362527353015739,0.0074726469842612,-0.3153015605173502
SW-266,longitudinal,Non-Framed Tube,Low-Intensity,2.24,2.3433172634090345,-0.10331726340903424,4.612377830760457
SW-267,transverse,Non-Framed Tube,Low-Intensity,2.47,2.6314400883995894,-0.16144008839958923,6.536035967594705
SW-267,longitudinal,Non-Framed Tube,Low-Intensity,2.21,2.1550749282463424,0.05492507175365757,-2.4852973644188947
SW-268,transverse,Non-Framed Tube,Low-Intensity,2.7,2.362527353015739,0.33747264698426127,-12.49898692534301
SW-268,longitudinal,Non-Framed Tube,Low-Intensity,2.58,2.3075246068235553,0.27247539317644476,-10.56106175102499
SW-269,transverse,Non-Framed Tube,Low-Intensity,2.61,2.407542862413678,0.20245713758632178,-7.75697845158321
SW-269,longitudinal,Non-Framed Tube,Low-Intensity,2.39,2.2680219649093827,0.12197803509061744,-5.103683476594872
SW-270,transverse,Non-Framed Tube,Low-Intensity,2.63,2.451747471229516,0.17825252877048392,-6.777662690892925
SW-270,longitudinal,Non-Framed Tube,Low-Intensity,2.21,2.331561321477967,-0.12156132147796717,5.500512284070912
SW-271,transverse,Non-Framed Tube,Low-Intensity,1.87,2.5022989654816707,-0.6322989654816706,33.812778902763135
SW-271,longitudinal,Non-Framed Tube,Low-Intensity,1.76,2.3458673769146112,-0.5858673769146112,33.28791914287564
SW-272,transverse,Non-Framed Tube,Low-Intensity,2.5,2.4363563327974807,0.06364366720251935,-2.545746688100774
SW-272,longitudinal,Non-Framed Tube,Low-Intensity,2.36,2.042196166391016,0.3178038336089837,-13.466264135973885
SW-273,transverse,Non-Framed Tube,Low-Intensity,2.4,2.7136725911620765,-0.3136725911620766,13.069691298419857
SW-273,longitudinal,Non-Framed Tube,Low-Intensity,2.03,2.2465834496611663,-0.2165834496611665,10.66913545128899
SW-274,transverse,Non-Framed Tube,Low-Intensity,2.64,2.4165459278905668,0.22345407210943335,-8.464169398084596
SW-274,longitudinal,Non-Framed Tube,Low-Intensity,1.97,2.259276819610539,-0.28927681961053886,14.684102518301465
SW-275,transverse,Non-Framed Tube,Low-Intensity,2.9,2.5022989654816707,0.39770103451832917,-13.71382877649411
SW-275,longitudinal,Non-Framed Tube,Low-Intensity,2.78,2.259276819610539,0.520723180389461,-18.731049654297156
SW-276,transverse,Non-Framed Tube,Low-Intensity,2.68,2.5041672101705106,0.17583278982948958,-6.560924993637671
SW-276,longitudinal,Non-Framed Tube,Low-Intensity,2.35,2.256875052644387,0.09312494735561305,-3.9627637172601298
SW-277,transverse,Non-Framed Tube,Low-Intensity,2.51,2.460965992724728,0.04903400727527174,-1.9535461065845316
SW-277,longitudinal,Non-Framed Tube,Low-Intensity,1.8,2.2820977975864025,-0.4820977975864025,26.783210977022357
SW-278,transverse,Non-Framed Tube,Low-Intensity,3.03,2.931891272553222,0.09810872744677779,-3.2379117969233597
SW-278,longitudinal,Non-Framed Tube,Low-Intensity,2.38,2.2692762117789558,0.11072378822104412,-4.652260009287568
SW-279,transverse,Non-Framed Tube,Low-Intensity,2.82,2.552359598844198,0.267640401155802,-9.490794367227021
SW-279,longitudinal,Non-Framed Tube,Low-Intensity,2.05,2.2953667025195075,-0.24536670251950765,11.969107439975986
SW-280,transverse,Non-Framed Tube,Low-Intensity,2.65,2.460965992724728,0.18903400727527186,-7.133358765104599
SW-280,longitudinal,Non-Framed Tube,Low-Intensity,2.48,2.4036714654412035,0.07632853455879651,-3.077763490274053
SW-281,transverse,Non-Framed Tube,Low-Intensity,2.47,2.5275747126077484,-0.05757471260774816,2.3309600246051883
SW-281,longitudinal,Non-Framed Tube,Low-Intensity,1.86,2.460965992724728,-0.600965992724728,32.30999960885634
SW-282,transverse,Non-Framed Tube,Low-Intensity,2.45,2.5041672101705106,-0.054167210170510405,2.2109065375718533
SW-282,longitudinal,Non-Framed Tube,Low-Intensity,2.03,2.256875052644387,-0.22687505264438723,11.176110967703806
SW-283,transverse,Non-Framed Tube,Low-Intensity,2.72,2.5041672101705106,0.2158327898294896,-7.935029037848882
SW-283,longitudinal,Non-Framed Tube,Low-Intensity,2.32,2.2692762117789558,0.050723788221044064,-2.1863701819415544
SW-284,transverse,Non-Framed Tube,Low-Intensity,2.32,2.42188318047979,-0.10188318047979017,4.391516399990956
SW-284,longitudinal,Non-Framed Tube,Low-Intensity,2.2,2.4036714654412035,-0.2036714654412033,9.25779388369106
SW-285,transverse,Non-Framed Tube,Low-Intensity,2.41,2.855176663422006,-0.4451766634220058,18.472060722904803
SW-285,longitudinal,Non-Framed Tube,Low-Intensity,2.01,2.083452654600936,-0.0734526546009362,3.6543609254197116
SW-286,transverse,Non-Framed Tube,Low-Intensity,2.69,2.529208882272216,0.1607911177277841,-5.97736497129309
SW-286,longitudinal,Non-Framed Tube,Low-Intensity,2.4,2.4277081800956153,-0.027708180095615376,1.154507503983974
SW-287,transverse,Non-Framed Tube,Low-Intensity,2.73,2.529208882272216,0.20079111772778413,-7.35498599735473
SW-287,longitudinal,Non-Framed Tube,Low-Intensity,2.6,2.2919689738967453,0.30803102610325483,-11.847347157817493
SW-288,transverse,Non-Framed Tube,Low-Intensity,2.81,2.5068229804513558,0.3031770195486443,-10.789217777531825
SW-288,longitudinal,Non-Framed Tube,Low-Intensity,1.84,2.446102012284588,-0.6061020122845877,32.94032675459716
SW-289,transverse,Non-Framed Tube,Low-Intensity,2.4,2.5542505543739207,-0.15425055437392077,6.427106432246699
SW-289,longitudinal,Non-Framed Tube,Low-Intensity,1.65,2.2897671112617384,-0.6397671112617385,38.77376431889324
SW-290,transverse,Non-Framed Tube,Low-Intensity,2.4,2.7575905407860675,-0.35759054078606756,14.899605866086148
SW-290,longitudinal,Non-Framed Tube,Low-Intensity,2.09,2.203923248386048,-0.11392324838604795,5.450873128519041
SW-291,transverse,Non-Framed Tube,Low-Intensity,2.82,2.5781262068599036,0.24187379314009627,-8.57708486312398
SW-291,longitudinal,Non-Framed Tube,Low-Intensity,2.68,2.369834604641934,0.3101653953580663,-11.57333564768904
SW-292,transverse,Non-Framed Tube,Low-Intensity,3.42,2.5542505543739207,0.8657494456260793,-25.314311275616355
SW-292,longitudinal,Non-Framed Tube,Low-Intensity,2.46,2.416954267124145,0.04304573287585489,-1.7498265396688981
SW-293,transverse,Non-Framed Tube,Low-Intensity,2.56,2.8376534899203647,-0.27765348992036465,10.845839450014244
SW-293,longitudinal,Non-Framed Tube,Low-Intensity,2.26,2.327739753538131,-0.067739753538131,2.9973342273509296
SW-294,transverse,Non-Framed Tube,Low-Intensity,2.63,2.5564630394701946,0.0735369605298053,-2.7960821494222547
SW-294,longitudinal,Non-Framed Tube,Low-Intensity,2.34,2.494539675894184,-0.15453967589418394,6.604259653597604
SW-295,transverse,Non-Framed Tube,Low-Intensity,2.54,2.6289303868095235,-0.08893038680952348,3.501196331083601
SW-295,longitudinal,Non-Framed Tube,Low-Intensity,1.87,2.1975859479865214,-0.3275859479865213,17.51796513296905
SW-296,transverse,Non-Framed Tube,Low-Intensity,3.44,2.579292226475626,0.860707773524374,-25.02057481175506
SW-296,longitudinal,Non-Framed Tube,Low-Intensity,3.1,2.3783857680564946,0.7216142319435055,-23.2778784497905
SW-297,transverse,Non-Framed Tube,Low-Intensity,2.62,2.748913593457113,-0.12891359345711306,4.920366162485231
SW-297,longitudinal,Non-Framed Tube,Low-Intensity,2.45,2.2255303390564993,0.22446966094350085,-9.162026977285748
SW-298,transverse,Non-Framed Tube,Low-Intensity,2.62,2.5141841471992765,0.10581585280072359,-4.038773007661206
SW-298,longitudinal,Non-Framed Tube,Low-Intensity,2.08,2.4757816094044394,-0.3957816094044393,19.027961990598044
SW-299,transverse,Non-Framed Tube,Low-Intensity,2.22,2.865473622174486,-0.6454736221744857,29.07538838623809
SW-299,longitudinal,Non-Framed Tube,Low-Intensity,2.04,2.4083119833573856,-0.3683119833573856,18.054508988107134
SW-300,transverse,Non-Framed Tube,Low-Intensity,2.24,2.865473622174486,-0.6254736221744857,27.922929561360963
SW-300,longitudinal,Non-Framed Tube,Low-Intensity,2.08,2.4083119833573856,-0.32831198335738554,15.784229969105075
SW-301,transverse,Non-Framed Tube,Low-Intensity,2.01,2.9915940651587953,-0.9815940651587955,48.83552562979083
SW-301,longitudinal,Non-Framed Tube,Low-Intensity,1.95,2.2012388279907618,-0.2512388279907618,12.884042461064709
SW-302,transverse,Non-Framed Tube,Low-Intensity,2.77,2.604333898577331,0.1656661014226688,-5.9807256831288385
SW-302,longitudinal,Non-Framed Tube,Low-Intensity,2.16,2.4998183240588516,-0.3398183240588515,15.732329817539421
SW-303,transverse,Non-Framed Tube,Low-Intensity,2.94,2.7756020749469883,0.16439792505301165,-5.591766158265702
SW-303,longitudinal,Non-Framed Tube,Low-Intensity,2.8,2.4014768920182084,0.39852310798179147,-14.23296814220684
SW-304,transverse,Non-Framed Tube,Low-Intensity,2.9,2.6286777011120583,0.27132229888794157,-9.355941340963502
SW-304,longitudinal,Non-Framed Tube,Low-Intensity,2.39,2.4817017888392874,-0.09170178883928726,3.836894930514111
SW-305,transverse,Non-Framed Tube,Low-Intensity,2.74,2.6818252770529205,0.058174722947079704,-2.123165071061303
SW-305,longitudinal,Non-Framed Tube,Low-Intensity,2.59,2.447693018202186,0.14230698179781376,-5.494478061691651
SW-306,transverse,Non-Framed Tube,Low-Intensity,2.53,2.6818252770529205,-0.1518252770529207,6.000999093000819
SW-306,longitudinal,Non-Framed Tube,Low-Intensity,2.44,2.4163019498309914,0.0236980501690085,-0.9712315643036271
SW-307,transverse,Non-Framed Tube,Low-Intensity,2.27,2.5840142923609646,-0.31401429236096456,13.833228738368483
SW-307,longitudinal,Non-Framed Tube,Low-Intensity,2.18,2.5630032568536314,-0.38300325685363124,17.5689567364051
SW-308,transverse,Non-Framed Tube,Low-Intensity,2.39,2.629375570679036,-0.23937557067903592,10.015714254352966
SW-308,longitudinal,Non-Framed Tube,Low-Intensity,2.36,2.4395356224255202,-0.07953562242552037,3.3701534926067955
SW-309,transverse,Non-Framed Tube,Low-Intensity,2.72,2.6799775787864073,0.040022421213592896,-1.4714125446173858
SW-309,longitudinal,Non-Framed Tube,Low-Intensity,2.25,2.5429773395037794,-0.29297733950377935,13.02121508905686
SW-310,transverse,Non-Framed Tube,Low-Intensity,2.54,2.878137596687051,-0.338137596687051,13.312503806576812
SW-310,longitudinal,Non-Framed Tube,Low-Intensity,1.79,2.4550753228400537,-0.6650753228400537,37.15504596871808
SW-311,transverse,Non-Framed Tube,Low-Intensity,2.72,2.653953448238136,0.06604655176186425,-2.4281820500685383
SW-311,longitudinal,Non-Framed Tube,Low-Intensity,2.46,2.505564306039665,-0.04556430603966488,1.8522075625880032
SW-312,transverse,Non-Framed Tube,Low-Intensity,3.52,2.629375570679036,0.890624429320964,-25.301830378436478
SW-312,longitudinal,Non-Framed Tube,Low-Intensity,3.02,2.505564306039665,0.5144356939603352,-17.034294501997852
SW-313,transverse,Non-Framed Tube,Low-Intensity,3.39,2.629375570679036,0.7606244293209641,-22.437298800028437
SW-313,longitudinal,Non-Framed Tube,Low-Intensity,2.81,2.488041157333679,0.32195884266632113,-11.457610059299684
SW-314,transverse,Non-Framed Tube,Low-Intensity,2.8,2.9965220427993327,-0.19652204279933283,7.018644385690458
SW-314,longitudinal,Non-Framed Tube,Low-Intensity,2.19,2.234874073024335,-0.044874073024335104,2.0490444303349364
SW-315,transverse,Non-Framed Tube,Low-Intensity,2.45,2.6544172427807413,-0.20441724278074114,8.343560929826168
SW-315,longitudinal,Non-Framed Tube,Low-Intensity,2.07,2.5478917533676753,-0.4778917533676754,23.086558133704127
SW-316,transverse,Non-Framed Tube,Low-Intensity,2.26,2.5478917533676753,-0.2878917533676755,12.73857315786175
SW-316,longitudinal,Non-Framed Tube,Low-Intensity,2.12,2.5478917533676753,-0.42789175336767515,20.183573272060148
SW-317,transverse,Non-Framed Tube,Low-Intensity,2.34,2.608623952288212,-0.2686239522882121,11.479656080692827
SW-317,longitudinal,Non-Framed Tube,Low-Intensity,1.97,2.587412811680809,-0.6174128116808089,31.340751861969995
SW-318,transverse,Non-Framed Tube,Low-Intensity,2.34,2.608623952288212,-0.2686239522882121,11.479656080692827
SW-318,longitudinal,Non-Framed Tube,Low-Intensity,2.15,2.5294268232400428,-0.37942682324004284,17.64775922046711
SW-319,transverse,Non-Framed Tube,Low-Intensity,2.44,2.5478917533676753,-0.10789175336767531,4.421793170806366
SW-319,longitudinal,Non-Framed Tube,Low-Intensity,2.26,2.567196171308577,-0.30719617130857735,13.592750942857407
SW-320,transverse,Non-Framed Tube,Low-Intensity,2.45,2.6309231279984524,-0.18092312799845223,7.3846174693245805
SW-320,longitudinal,Non-Framed Tube,Low-Intensity,2.24,2.5294268232400428,-0.28942682324004254,12.920840323216183
SW-321,transverse,Non-Framed Tube,Low-Intensity,2.81,2.7045049424902907,0.10549505750970933,-3.754272509242325
SW-321,longitudinal,Non-Framed Tube,Low-Intensity,2.65,2.3221439362982905,0.3278560637017094,-12.371926932139978
SW-322,transverse,Non-Framed Tube,Low-Intensity,2.69,2.655743157507872,0.034256842492128126,-1.2734885684805994
SW-322,longitudinal,Non-Framed Tube,Low-Intensity,2.42,2.2647361018751107,0.15526389812488928,-6.415863558879723
SW-323,transverse,Non-Framed Tube,Low-Intensity,2.77,2.6794589148824466,0.09054108511755343,-3.2686312316806294
SW-323,longitudinal,Non-Framed Tube,Low-Intensity,2.2,2.302035765845892,-0.10203576584589191,4.63798935663145
SW-324,transverse,Non-Framed Tube,Low-Intensity,3.01,2.633233612215459,0.37676638778454086,-12.517155740350194
SW-324,longitudinal,Non-Framed Tube,Low-Intensity,2.51,2.486002967614578,0.023997032385421946,-0.9560570671482848
SW-325,transverse,Non-Framed Tube,Low-Intensity,2.47,2.7045005869841514,-0.23450058698415122,9.493950890046607
SW-325,longitudinal,Non-Framed Tube,Low-Intensity,2.16,2.615633834918173,-0.455633834918173,21.094159023989487
SW-326,transverse,Non-Framed Tube,Low-Intensity,3.43,2.6805631870172917,0.7494368129827085,-21.84946976625972
SW-326,longitudinal,Non-Framed Tube,Low-Intensity,3.0,2.577151857640798,0.4228481423592019,-14.094938078640062
SW-327,transverse,Non-Framed Tube,Low-Intensity,2.75,2.847618671723057,-0.09761867172305694,3.549769880838434
SW-327,longitudinal,Non-Framed Tube,Low-Intensity,2.67,2.5418350573638087,0.12816494263619127,-4.800185117460347
SW-328,transverse,Non-Framed Tube,Low-Intensity,2.39,2.6578432721427063,-0.2678432721427062,11.206831470406115
SW-328,longitudinal,Non-Framed Tube,Low-Intensity,2.26,2.6362319213351637,-0.3762319213351639,16.647430147573626
SW-329,transverse,Non-Framed Tube,Low-Intensity,2.61,2.6362319213351637,-0.026231921335163833,1.0050544572859705
SW-329,longitudinal,Non-Framed Tube,Low-Intensity,2.37,2.5959651826765,-0.22596518267649968,9.534395893523193
SW-330,transverse,Non-Framed Tube,Low-Intensity,2.97,2.7295422590858567,0.24045774091414351,-8.096220232799444
SW-330,longitudinal,Non-Framed Tube,Low-Intensity,2.55,2.660641476162341,-0.11064147616234132,4.338881418131033
SW-331,transverse,Non-Framed Tube,Low-Intensity,2.68,2.7550564367424455,-0.07505643674244533,2.8006133112852734
SW-331,longitudinal,Non-Framed Tube,Low-Intensity,2.01,2.6200018973309116,-0.6100018973309118,30.34835310104039
SW-332,transverse,Non-Framed Tube,Low-Intensity,2.57,2.780332183868523,-0.21033218386852326,8.184131668035924
SW-332,longitudinal,Non-Framed Tube,Low-Intensity,2.38,2.664071498527769,-0.28407149852776925,11.935777249065936
SW-333,transverse,Non-Framed Tube,Low-Intensity,2.56,2.754583931187562,-0.1945839311875619,7.600934812014137
SW-333,longitudinal,Non-Framed Tube,Low-Intensity,2.23,2.664071498527769,-0.43407149852776916,19.465089620079336
SW-334,transverse,Non-Framed Tube,Low-Intensity,2.62,2.7796256032892668,-0.15962560328926667,6.092580278216285
SW-334,longitudinal,Non-Framed Tube,Low-Intensity,2.51,2.7550232755455495,-0.2450232755455497,9.761883487870508
SW-335,transverse,Non-Framed Tube,Low-Intensity,3.39,2.6680753266397357,0.7219246733602644,-21.295713078473874
SW-335,longitudinal,Non-Framed Tube,Low-Intensity,2.73,2.6487394092419314,0.08126059075806857,-2.976578416046468
SW-336,transverse,Non-Framed Tube,Low-Intensity,2.96,2.7094605858166965,0.2505394141833035,-8.464169398084577
SW-336,longitudinal,Non-Framed Tube,Low-Intensity,2.56,2.6124415867350255,-0.052441586735025414,2.04849948183693
SW-337,transverse,Non-Framed Tube,Low-Intensity,3.08,2.7125091621373647,0.36749083786263537,-11.931520709825824
SW-337,longitudinal,Non-Framed Tube,Low-Intensity,2.9,2.6726019264423093,0.2273980735576906,-7.841312881299676
SW-338,transverse,Non-Framed Tube,Low-Intensity,2.73,2.888119529133914,-0.15811952913391414,5.791924144099419
SW-338,longitudinal,Non-Framed Tube,Low-Intensity,2.55,2.6726019264423093,-0.1226019264423095,4.8079186840121375
SW-339,transverse,Non-Framed Tube,Low-Intensity,2.85,2.8586427507055014,-0.008642750705501356,0.30325441071934583
SW-339,longitudinal,Non-Framed Tube,Low-Intensity,2.3,2.733870140643874,-0.4338701406438741,18.863919158429308
SW-340,transverse,Non-Framed Tube,Low-Intensity,3.09,2.8586427507055014,0.2313572492944984,-7.487289621181179
SW-340,longitudinal,Non-Framed Tube,Low-Intensity,2.98,2.6359770965254308,0.3440229034745692,-11.544392734045946
SW-341,transverse,Non-Framed Tube,Low-Intensity,2.97,2.804663334564388,0.16533666543561232,-5.5668910921081585
SW-341,longitudinal,Non-Framed Tube,Low-Intensity,2.89,2.696464443642687,0.19353555635731334,-6.696732053886274
SW-342,transverse,Non-Framed Tube,Low-Intensity,3.09,2.856159425246756,0.23384057475324393,-7.567656140881681
SW-342,longitudinal,Non-Framed Tube,Low-Intensity,2.59,2.6776061978924353,-0.0876061978924354,3.382478683105614
SW-343,transverse,Non-Framed Tube,Low-Intensity,3.26,2.7609468257469603,0.4990531742530395,-15.308379578314096
SW-343,longitudinal,Non-Framed Tube,Low-Intensity,3.16,2.6655103505120583,0.49448964948794183,-15.648406629365248
SW-344,transverse,Non-Framed Tube,Low-Intensity,2.2,2.881435172372833,-0.6814351723728329,30.974326016946947
SW-344,longitudinal,Non-Framed Tube,Low-Intensity,2.12,2.30577389116494,-0.1857738911649398,8.762919394572632
SW-345,transverse,Non-Framed Tube,Low-Intensity,2.72,3.069175371335612,-0.34917537133561183,12.83732982851514
SW-345,longitudinal,Non-Framed Tube,Low-Intensity,2.45,2.434062165566708,0.01593783443329233,-0.6505238544200951
SW-346,transverse,Non-Framed Tube,Low-Intensity,3.07,3.069175371335612,0.0008246286643878165,-0.026860868546834414
SW-346,longitudinal,Non-Framed Tube,Low-Intensity,2.52,2.5954063105410454,-0.07540631054104541,2.992313910358945
SW-347,transverse,Non-Framed Tube,Low-Intensity,2.42,2.9977209292300477,-0.5777209292300478,23.87276567066313
SW-347,longitudinal,Non-Framed Tube,Low-Intensity,2.15,2.7851656575517585,-0.6351656575517586,29.542588723337612
SW-348,transverse,Non-Framed Tube,Low-Intensity,2.65,2.854303393583227,-0.20430339358322724,7.709562022008576
SW-348,longitudinal,Non-Framed Tube,Low-Intensity,2.6,2.5954063105410454,0.004593689458954664,-0.17668036380594862
SW-349,transverse,Non-Framed Tube,Low-Intensity,2.85,2.830110891633437,0.01988910836656288,-0.6978634514583466
SW-349,longitudinal,Non-Framed Tube,Low-Intensity,2.41,2.7851656575517585,-0.37516565755175835,15.567039732438104
SW-350,transverse,Non-Framed Tube,Low-Intensity,3.0,2.831508359952583,0.1684916400474168,-5.61638800158056
SW-350,longitudinal,Non-Framed Tube,Low-Intensity,2.53,2.7301191356870538,-0.20011913568705397,7.909847260357864
SW-351,transverse,Non-Framed Tube,Low-Intensity,3.06,2.8791234230926466,0.18087657690735348,-5.910999245338349
SW-351,longitudinal,Non-Framed Tube,Low-Intensity,3.03,2.8093844893565563,0.22061551064344354,-7.2810399552291605
SW-352,transverse,Non-Framed Tube,Low-Intensity,2.23,2.9048339637977922,-0.6748339637977923,30.261612726358397
SW-352,longitudinal,Non-Framed Tube,Low-Intensity,2.02,2.409729223692468,-0.3897292236924681,19.293525925369707
SW-353,transverse,Non-Framed Tube,Low-Intensity,2.43,2.9039434526020655,-0.4739434526020654,19.503845786093223
SW-353,longitudinal,Non-Framed Tube,Low-Intensity,2.19,2.791914512444198,-0.601914512444198,27.484680933525024
SW-354,transverse,Non-Framed Tube,Low-Intensity,2.93,3.122552334315362,-0.19255233431536167,6.5717520244150744
SW-354,longitudinal,Non-Framed Tube,Low-Intensity,2.26,2.7356553597360596,-0.47565535973605977,21.046697333453974
SW-355,transverse,Non-Framed Tube,Low-Intensity,3.26,2.928763482111485,0.3312365178885148,-10.160629383083277
SW-355,longitudinal,Non-Framed Tube,Low-Intensity,3.07,2.8363323292206197,0.2336676707793801,-7.6113247810873
SW-356,transverse,Non-Framed Tube,Low-Intensity,2.8,2.9039398714151794,-0.10393987141517957,3.7121382648278423
SW-356,longitudinal,Non-Framed Tube,Low-Intensity,2.28,2.880327469606938,-0.6003274696069383,26.33015217574291
SW-357,transverse,Non-Framed Tube,Low-Intensity,3.44,3.0428402181946597,0.3971597818053403,-11.545342494341288
SW-357,longitudinal,Non-Framed Tube,Low-Intensity,2.69,2.815777029644576,-0.12577702964457593,4.675726009092042
SW-358,transverse,Non-Framed Tube,Low-Intensity,2.79,3.0373079226245956,-0.24730792262459556,8.864083248193388
SW-358,longitudinal,Non-Framed Tube,Low-Intensity,2.69,2.860369043875032,-0.17036904387503204,6.333421705391527
SW-359,transverse,Non-Framed Tube,Low-Intensity,2.78,2.9535835116209044,-0.17358351162090457,6.244011209385057
SW-359,longitudinal,Non-Framed Tube,Low-Intensity,2.68,2.606160336962875,0.07383966303712519,-2.7552113073554176
SW-360,transverse,Non-Framed Tube,Low-Intensity,3.45,2.9047370244341155,0.5452629755658847,-15.804723929445931
SW-360,longitudinal,Non-Framed Tube,Low-Intensity,2.99,2.7824186992187276,0.20758130078127257,-6.942518420778347
SW-361,transverse,Non-Framed Tube,Low-Intensity,3.34,3.088355114601479,0.2516448853985209,-7.534278005943741
SW-361,longitudinal,Non-Framed Tube,Low-Intensity,2.74,2.7162923574771605,0.023707642522839745,-0.8652424278408666
SW-362,transverse,Non-Framed Tube,Low-Intensity,3.26,3.003223570639743,0.2567764293602566,-7.876577587737931
SW-362,longitudinal,Non-Framed Tube,Low-Intensity,3.12,2.8671712384511916,0.2528287615488085,-8.103485947077196
SW-363,transverse,Non-Framed Tube,Low-Intensity,3.51,3.088355114601479,0.42164488539852085,-12.012674797678658
SW-363,longitudinal,Non-Framed Tube,Low-Intensity,3.02,2.4250364486196663,0.5949635513803337,-19.70077984703092
SW-364,transverse,Non-Framed Tube,Low-Intensity,2.95,2.9546974801853434,-0.004697480185343217,0.15923661645231243
SW-364,longitudinal,Non-Framed Tube,Low-Intensity,2.85,2.8908668685210364,-0.04086686852103627,1.4339252112644305
SW-365,transverse,Non-Framed Tube,Low-Intensity,3.45,3.113878710589921,0.33612128941007935,-9.742646069857374
SW-365,longitudinal,Non-Framed Tube,Low-Intensity,3.17,3.002378511124168,0.16762148887583184,-5.287744128575137
SW-366,transverse,Non-Framed Tube,Low-Intensity,3.75,3.1459873442351562,0.6040126557648438,-16.107004153729168
SW-366,longitudinal,Non-Framed Tube,Low-Intensity,3.18,2.932479187838268,0.24752081216173227,-7.783673338419254
SW-367,transverse,Non-Framed Tube,Low-Intensity,2.88,2.9789163119901416,-0.09891631199014173,3.4345941663243655
SW-367,longitudinal,Non-Framed Tube,Low-Intensity,2.64,2.894867704219893,-0.254867704219893,9.654079705298978
SW-368,transverse,Non-Framed Tube,Low-Intensity,3.2,3.0801256685097282,0.11987433149027193,-3.7460728590709977
SW-368,longitudinal,Non-Framed Tube,Low-Intensity,2.97,2.894867704219893,0.07513229578010705,-2.5297069286231326
SW-369,transverse,Non-Framed Tube,Low-Intensity,3.01,3.2323251758654434,-0.22232517586544365,7.386218467290487
SW-369,longitudinal,Non-Framed Tube,Low-Intensity,2.71,2.8993270479253965,-0.18932704792539656,6.986237930826442
SW-370,transverse,Non-Framed Tube,Low-Intensity,3.45,3.077683659168001,0.37231634083199916,-10.79177799513041
SW-370,longitudinal,Non-Framed Tube,Low-Intensity,3.08,2.9589521328468424,0.12104786715315763,-3.9301255569207023
SW-371,transverse,Non-Framed Tube,Low-Intensity,2.88,3.0515978309786624,-0.17159783097866255,5.958258020092449
SW-371,longitudinal,Non-Framed Tube,Low-Intensity,2.69,2.813902502605905,-0.12390250260590507,4.606040989067103
SW-372,transverse,Non-Framed Tube,Low-Intensity,3.18,3.0031351437949394,0.17686485620506076,-5.561787930976753
SW-372,longitudinal,Non-Framed Tube,Low-Intensity,2.81,2.918403214010299,-0.10840321401029884,3.8577656231423076
SW-373,transverse,Non-Framed Tube,Low-Intensity,3.27,3.0515978309786624,0.21840216902133758,-6.678965413496562
SW-373,longitudinal,Non-Framed Tube,Low-Intensity,3.15,2.9805526171470924,0.1694473828529075,-5.379281995330397
SW-374,transverse,Non-Framed Tube,Low-Intensity,3.99,3.3627486677242358,0.6272513322757645,-15.720584768816153
SW-374,longitudinal,Non-Framed Tube,Low-Intensity,3.0,2.828535843323324,0.17146415667667592,-5.71547188922253
SW-375,transverse,Non-Framed Tube,Low-Intensity,4.5,3.284459452895531,1.2155405471044691,-27.01201215787709
SW-375,longitudinal,Non-Framed Tube,Low-Intensity,3.8,3.006677167247598,0.793322832752402,-20.876916651379002
SW-376,transverse,Non-Framed Tube,Low-Intensity,3.42,3.155250684814843,0.26474931518515676,-7.7412080463496125
SW-376,longitudinal,Non-Framed Tube,Low-Intensity,2.87,2.96547423359111,-0.09547423359110985,3.326628348122294
SW-377,transverse,Non-Framed Tube,Low-Intensity,3.74,3.235295632137918,0.5047043678620824,-13.494769194173326
SW-377,longitudinal,Non-Framed Tube,Low-Intensity,3.31,3.0330406489401036,0.27695935105989644,-8.367351995767264
SW-378,transverse,Non-Framed Tube,Low-Intensity,2.55,3.1500364706876516,-0.6000364706876518,23.53084198775105
SW-378,longitudinal,Non-Framed Tube,Low-Intensity,2.52,2.9046735510770634,-0.38467355107706336,15.264823455439023
SW-379,transverse,Non-Framed Tube,Low-Intensity,3.14,3.1242293028189287,0.01577069718107138,-0.5022515025818911
SW-379,longitudinal,Non-Framed Tube,Low-Intensity,2.88,2.9610230462501645,-0.08102304625016465,2.813300217019606
SW-380,transverse,Non-Framed Tube,Low-Intensity,2.67,3.5887970607816375,-0.9187970607816376,34.41187493564186
SW-380,longitudinal,Non-Framed Tube,Low-Intensity,2.54,3.078264718848731,-0.5382647188487311,21.19152436412327
SW-381,transverse,Non-Framed Tube,Low-Intensity,3.29,3.230375701119959,0.05962429888004106,-1.8122887197580868
SW-381,longitudinal,Non-Framed Tube,Low-Intensity,2.88,3.0567362790099484,-0.17673627900994848,6.1366763545121
SW-382,transverse,Non-Framed Tube,Low-Intensity,3.29,3.1242293028189287,0.1657706971810713,-5.038623014622227
SW-382,longitudinal,Non-Framed Tube,Low-Intensity,2.89,3.0360807629623268,-0.14608076296232664,5.0546976803573225
SW-383,transverse,Non-Framed Tube,Low-Intensity,3.94,3.285847126390073,0.6541528736099269,-16.602864812434692
SW-383,longitudinal,Non-Framed Tube,Low-Intensity,3.13,3.0596162727527325,0.07038372724726738,-2.248681381701833
SW-384,transverse,Non-Framed Tube,Low-Intensity,3.57,3.255417373221664,0.31458262677833604,-8.811838285107452
SW-384,longitudinal,Non-Framed Tube,Low-Intensity,2.77,3.080431909079793,-0.3104319090797931,11.2069281256243
SW-385,transverse,Non-Framed Tube,Low-Intensity,3.12,3.1992557905421464,-0.07925579054214626,2.540249696863662
SW-385,longitudinal,Non-Framed Tube,Low-Intensity,2.76,3.080431909079793,-0.32043190907979335,11.609851778253384
SW-386,transverse,Non-Framed Tube,Low-Intensity,3.83,3.124772905073564,0.7052270949264359,-18.413240076408247
SW-386,longitudinal,Non-Framed Tube,Low-Intensity,3.16,3.080431909079793,0.079568090920207,-2.5179775607660444
SW-387,transverse,Non-Framed Tube,Low-Intensity,3.68,3.3780683778262746,0.3019316221737256,-8.204663646025152
SW-387,longitudinal,Non-Framed Tube,Low-Intensity,3.24,3.148809619727976,0.0911903802720242,-2.8145179096303763
SW-388,transverse,Non-Framed Tube,Low-Intensity,3.6,3.4961910751736096,0.10380892482639048,-2.8835812451775134
SW-388,longitudinal,Non-Framed Tube,Low-Intensity,3.08,3.1041275391496375,-0.02412753914963739,0.7833616607025126
SW-389,transverse,Non-Framed Tube,Low-Intensity,3.56,3.280459045323369,0.279540954676631,-7.852274007770533
SW-389,longitudinal,Non-Framed Tube,Low-Intensity,3.17,2.972751837430432,0.19724816256956812,-6.222339513235588
SW-390,transverse,Non-Framed Tube,Low-Intensity,2.88,3.336398620642228,-0.4563986206422279,15.847174327855136
SW-390,longitudinal,Non-Framed Tube,Low-Intensity,2.56,3.1278231692194822,-0.5678231692194822,22.18059254763602
SW-391,transverse,Non-Framed Tube,Low-Intensity,4.16,3.305500717425074,0.8544992825749262,-20.540848138820344
SW-391,longitudinal,Non-Framed Tube,Low-Intensity,3.59,3.2484751103966407,0.34152488960335914,-9.513228122656244
SW-392,transverse,Non-Framed Tube,Low-Intensity,3.72,3.3691146704743407,0.35088532952565954,-9.432401331334933
SW-392,longitudinal,Non-Framed Tube,Low-Intensity,3.26,3.106687292333544,0.15331270766645577,-4.7028437934495635
SW-393,transverse,Non-Framed Tube,Low-Intensity,3.64,3.222061237187422,0.4179387628125779,-11.48183414320269
SW-393,longitudinal,Non-Framed Tube,Low-Intensity,3.46,3.1498522704498644,0.3101477295501356,-8.963807212431664
SW-394,transverse,Non-Framed Tube,Low-Intensity,3.34,3.5495680381533594,-0.20956803815335956,6.274492160280227
SW-394,longitudinal,Non-Framed Tube,Low-Intensity,2.83,3.109762075597401,-0.27976207559740107,9.885585710155514
SW-395,transverse,Non-Framed Tube,Low-Intensity,3.72,3.3010639247527753,0.41893607524722487,-11.261722452882388
SW-395,longitudinal,Non-Framed Tube,Low-Intensity,3.2,3.071119486907901,0.12888051309209914,-4.027516034128098
SW-396,transverse,Non-Framed Tube,Low-Intensity,3.45,3.700077589798122,-0.250077589798122,7.248625791249913
SW-396,longitudinal,Non-Framed Tube,Low-Intensity,3.29,3.0900784550723257,0.19992154492767433,-6.076642702968825
SW-397,transverse,Non-Framed Tube,Low-Intensity,3.2,3.2211046300381208,-0.021104630038120575,0.659519688691268
SW-397,longitudinal,Non-Framed Tube,Low-Intensity,3.01,3.1515187992893265,-0.14151879928932676,4.701621238848065
SW-398,transverse,Non-Framed Tube,Low-Intensity,3.42,3.4554287223566478,-0.035428722356647846,1.0359275542879487
SW-398,longitudinal,Non-Framed Tube,Low-Intensity,3.24,3.1133121276668545,0.1266878723331457,-3.910119516455114
SW-399,transverse,Non-Framed Tube,Low-Intensity,3.43,3.2976944302511355,0.13230556974886465,-3.8573052404916806
SW-399,longitudinal,Non-Framed Tube,Low-Intensity,3.14,3.2453234618429185,-0.10532346184291841,3.3542503771630066
SW-400,transverse,Non-Framed Tube,Low-Intensity,3.3,3.3258839542621947,-0.02588395426219492,0.7843622503695431
SW-400,longitudinal,Non-Framed Tube,Low-Intensity,2.83,3.2209197636912124,-0.3909197636912123,13.813419211703613
SW-401,transverse,Non-Framed Tube,Low-Intensity,3.14,3.270880346841777,-0.13088034684177696,4.1681639121585015
SW-401,longitudinal,Non-Framed Tube,Low-Intensity,2.52,3.2453234618429185,-0.7253234618429185,28.78267705725867
SW-402,transverse,Non-Framed Tube,Low-Intensity,3.47,3.270880346841777,0.1991196531582231,-5.7383185348191095
SW-402,longitudinal,Non-Framed Tube,Low-Intensity,3.06,3.153758311914355,-0.09375831191435502,3.063997121384151
SW-403,transverse,Non-Framed Tube,Low-Intensity,3.1,3.5331565001008305,-0.4331565001008304,13.972790325833238
SW-403,longitudinal,Non-Framed Tube,Low-Intensity,2.87,2.73644480105811,0.13355519894188994,-4.65349125233066
SW-404,transverse,Non-Framed Tube,Low-Intensity,4.08,3.4554287223566478,0.6245712776433523,-15.308119550082163
SW-404,longitudinal,Non-Framed Tube,Low-Intensity,3.23,3.0757913813761397,0.15420861862386026,-4.774260638509606
SW-405,transverse,Non-Framed Tube,Low-Intensity,2.82,3.6029450011331097,-0.7829450011331098,27.764007132379785
SW-405,longitudinal,Non-Framed Tube,Low-Intensity,2.4,2.970515146275514,-0.5705151462755143,23.77146442814643
SW-406,transverse,Non-Framed Tube,Low-Intensity,3.41,3.4056674058318945,0.004332594168105608,-0.12705554745177736
SW-406,longitudinal,Non-Framed Tube,Low-Intensity,2.59,3.293761125452514,-0.7037611254525142,27.172244225965805
SW-407,transverse,Non-Framed Tube,Low-Intensity,3.93,3.2453023392513756,0.6846976607486246,-17.4223323345706
SW-407,longitudinal,Non-Framed Tube,Low-Intensity,3.69,3.1216987154265303,0.5683012845734696,-15.401118823129258
SW-408,transverse,Non-Framed Tube,Low-Intensity,3.57,3.7278734585660853,-0.15787345856608548,4.422225730142451
SW-408,longitudinal,Non-Framed Tube,Low-Intensity,3.24,3.0218629976509965,0.21813700234900368,-6.732623529290236
SW-409,transverse,Non-Framed Tube,Low-Intensity,3.84,3.6767873877147568,0.16321261228524309,-4.250328444928205
SW-409,longitudinal,Non-Framed Tube,Low-Intensity,2.75,3.2226056894988604,-0.4726056894988604,17.185661436322196
SW-410,transverse,Non-Framed Tube,Low-Intensity,3.79,3.3755240132810336,0.41447598671896646,-10.93604186593579
SW-410,longitudinal,Non-Framed Tube,Low-Intensity,2.89,3.1597794728559117,-0.26977947285591153,9.334929856605935
SW-411,transverse,Non-Framed Tube,Low-Intensity,3.53,3.400344042790453,0.1296559572095468,-3.6729732920551506
SW-411,longitudinal,Non-Framed Tube,Low-Intensity,2.94,3.2243648412855723,-0.2843648412855724,9.672273513114707
SW-412,transverse,Non-Framed Tube,Low-Intensity,3.12,3.3179799572573123,-0.1979799572573122,6.345511450554878
SW-412,longitudinal,Non-Framed Tube,Low-Intensity,2.89,3.3441090113233094,-0.4541090113233093,15.71311457866122
SW-413,transverse,Non-Framed Tube,Low-Intensity,3.67,3.3179799572573123,0.3520200427426876,-9.591826777729908
SW-413,longitudinal,Non-Framed Tube,Low-Intensity,3.62,3.2691648564517535,0.35083514354824663,-9.691578551056537
SW-414,transverse,Non-Framed Tube,Low-Intensity,3.43,3.3179799572573123,0.11202004274268784,-3.2658904589704907
SW-414,longitudinal,Non-Framed Tube,Low-Intensity,3.17,3.2032887545627364,-0.0332887545627365,1.0501184404648738
SW-415,transverse,Non-Framed Tube,Low-Intensity,3.65,3.4307090779335994,0.21929092206640055,-6.007970467572618
SW-415,longitudinal,Non-Framed Tube,Low-Intensity,3.02,3.2930299076544483,-0.27302990765444823,9.040725419021465
SW-416,transverse,Non-Framed Tube,Low-Intensity,4.3,3.4807924221370095,0.8192075778629904,-19.051339020069545
SW-416,longitudinal,Non-Framed Tube,Low-Intensity,3.86,3.250052094045404,0.6099479059545958,-15.801759221621653
SW-417,transverse,Non-Framed Tube,Low-Intensity,3.23,3.6101494114173924,-0.38014941141739245,11.769331622829487
SW-417,longitudinal,Non-Framed Tube,Low-Intensity,2.83,3.252714163234027,-0.4227141632340268,14.936896227350768
SW-418,transverse,Non-Framed Tube,Low-Intensity,3.56,3.6101494114173924,-0.050149411417392376,1.408691331949224
SW-418,longitudinal,Non-Framed Tube,Low-Intensity,3.1,3.273433763786738,-0.17343376378673803,5.594637541507678
SW-419,transverse,Non-Framed Tube,Low-Intensity,3.43,3.5988270343703186,-0.16882703437031843,4.922070972895581
SW-419,longitudinal,Non-Framed Tube,Low-Intensity,2.35,3.1996794586083275,-0.8496794586083274,36.156572706737336
SW-420,transverse,Non-Framed Tube,Low-Intensity,3.41,3.49962416082813,-0.08962416082813007,2.628274511088858
SW-420,longitudinal,Non-Framed Tube,Low-Intensity,3.12,3.414855284476504,-0.2948552844765038,9.450489887067429
SW-421,transverse,Non-Framed Tube,Low-Intensity,3.86,3.49962416082813,0.36037583917186966,-9.336161636576934
SW-421,longitudinal,Non-Framed Tube,Low-Intensity,3.23,3.3646149252532647,-0.13461492525326468,4.167644744683117
SW-422,transverse,Non-Framed Tube,Low-Intensity,4.25,3.469962049741867,0.7800379502581332,-18.35383412372078
SW-422,longitudinal,Non-Framed Tube,Low-Intensity,3.44,3.3185068804471944,0.1214931195528055,-3.5317767311862065
SW-423,transverse,Non-Framed Tube,Low-Intensity,3.01,3.441747230632019,-0.43174723063201936,14.343761815017256
SW-423,longitudinal,Non-Framed Tube,Low-Intensity,2.36,3.341083839848083,-0.981083839848083,41.57134914610521
SW-424,transverse,Non-Framed Tube,Low-Intensity,3.75,3.624350630358761,0.12564936964123907,-3.3506498570997088
SW-424,longitudinal,Non-Framed Tube,Low-Intensity,3.16,3.3201971032694053,-0.16019710326940517,5.069528584474847
SW-425,transverse,Non-Framed Tube,Low-Intensity,3.04,3.5891560919030026,-0.5491560919030025,18.06434512838824
SW-425,longitudinal,Non-Framed Tube,Low-Intensity,2.99,3.4661567854591966,-0.4761567854591964,15.924976102314258
SW-426,transverse,Non-Framed Tube,Low-Intensity,4.69,3.5559174384421253,1.1340825615578751,-24.180864851980278
SW-426,longitudinal,Non-Framed Tube,Low-Intensity,3.5,3.3201971032694053,0.17980289673059469,-5.137225620874133
SW-427,transverse,Non-Framed Tube,Low-Intensity,3.93,3.4390741162813017,0.4909258837186985,-12.491752766379097
SW-427,longitudinal,Non-Framed Tube,Low-Intensity,2.69,3.388477442453642,-0.6984774424536422,25.965704180432798
SW-428,transverse,Non-Framed Tube,Low-Intensity,3.97,3.3420423902375997,0.6279576097624004,-15.817572034317392
SW-428,longitudinal,Non-Framed Tube,Low-Intensity,3.6,3.2789396025633226,0.32106039743667747,-8.918344373241041
SW-429,transverse,Non-Framed Tube,Low-Intensity,3.49,3.5559174384421253,-0.06591743844212505,1.8887518178259326
SW-429,longitudinal,Non-Framed Tube,Low-Intensity,3.01,3.3420423902375997,-0.33204239023759996,11.03130864576744
SW-430,transverse,Non-Framed Tube,Low-Intensity,3.66,3.701533669136234,-0.0415336691362338,1.1347997031757868
SW-430,longitudinal,Non-Framed Tube,Low-Intensity,3.13,3.2405788725726916,-0.11057887257269172,3.5328713282010136
SW-431,transverse,Non-Framed Tube,Low-Intensity,3.34,3.5891560919030026,-0.2491560919030027,7.459763230628823
SW-431,longitudinal,Non-Framed Tube,Low-Intensity,2.87,3.3420423902375997,-0.47204239023759964,16.44747004312194
SW-432,transverse,Non-Framed Tube,Low-Intensity,3.13,3.3224151810176132,-0.19241518101761335,6.147449872767201
SW-432,longitudinal,Non-Framed Tube,Low-Intensity,2.87,3.3224151810176132,-0.45241518101761313,15.763595157408123
SW-433,transverse,Non-Framed Tube,Low-Intensity,3.89,3.919749298345222,-0.029749298345221664,0.76476345360467
SW-433,longitudinal,Non-Framed Tube,Low-Intensity,3.76,3.388475099987772,0.3715249000122278,-9.880981383303931
SW-434,transverse,Non-Framed Tube,Low-Intensity,3.9,3.549264219846969,0.35073578015303086,-8.993225132128996
SW-434,longitudinal,Non-Framed Tube,Low-Intensity,3.08,3.388475099987772,-0.3084750999877719,10.015425324278308
SW-435,transverse,Non-Framed Tube,Low-Intensity,3.66,3.770458056077752,-0.11045805607775172,3.0179796742555114
SW-435,longitudinal,Non-Framed Tube,Low-Intensity,3.41,3.41233995965402,-0.0023399596540198964,0.06862051771319344
SW-436,transverse,Non-Framed Tube,Low-Intensity,3.41,3.6397075861551578,-0.22970758615515763,6.736292849124857
SW-436,longitudinal,Non-Framed Tube,Low-Intensity,3.12,3.5740842493563885,-0.45408424935638836,14.553982351166292
SW-437,transverse,Non-Framed Tube,Low-Intensity,3.77,3.543791029523608,0.22620897047639188,-6.000237943670872
SW-437,longitudinal,Non-Framed Tube,Low-Intensity,3.12,3.3669604427520734,-0.2469604427520733,7.915398806156195
SW-438,transverse,Non-Framed Tube,Low-Intensity,3.6,3.6060007826455354,-0.006000782645535274,0.16668840682042427
SW-438,longitudinal,Non-Framed Tube,Low-Intensity,3.19,3.4362024768543975,-0.24620247685439756,7.717945982896476
SW-439,transverse,Non-Framed Tube,Low-Intensity,3.66,3.543791029523608,0.116208970476392,-3.17510848296153
SW-439,longitudinal,Non-Framed Tube,Low-Intensity,3.09,3.345648853612142,-0.2556488536121422,8.273425683240847
SW-440,transverse,Non-Framed Tube,Low-Intensity,3.58,4.070746926067018,-0.4907469260670183,13.70801469460945
SW-440,longitudinal,Non-Framed Tube,Low-Intensity,3.58,3.4121707300576167,0.16782926994238334,-4.687968434144786
SW-441,transverse,Non-Framed Tube,Low-Intensity,3.43,3.514975895113552,-0.08497589511355175,2.477431344418418
SW-441,longitudinal,Non-Framed Tube,Low-Intensity,2.88,3.4875117798908977,-0.6075117798908978,21.094159023989505
SW-442,transverse,Non-Framed Tube,Low-Intensity,3.77,3.71329653745789,0.05670346254211012,-1.5040706244591542
SW-442,longitudinal,Non-Framed Tube,Low-Intensity,3.04,3.3669604427520734,-0.32696044275207337,10.755277722107676
SW-443,transverse,Non-Framed Tube,Low-Intensity,3.35,3.6060007826455354,-0.2560007826455353,7.641814407329411
SW-443,longitudinal,Non-Framed Tube,Low-Intensity,3.07,3.4875117798908977,-0.4175117798908978,13.599732244003187
SW-444,transverse,Non-Framed Tube,Low-Intensity,3.26,3.700921418324087,-0.44092141832408727,13.525196881106973
SW-444,longitudinal,Non-Framed Tube,Low-Intensity,2.98,3.5393854499407293,-0.5593854499407294,18.771323823514408
SW-445,transverse,Non-Framed Tube,Low-Intensity,3.83,3.5393854499407293,0.2906145500592707,-7.587847260033178
SW-445,longitudinal,Non-Framed Tube,Low-Intensity,3.7,3.4853236248897446,0.2146763751102556,-5.8020641921690705
SW-446,transverse,Non-Framed Tube,Low-Intensity,3.0,3.63104245474724,-0.6310424547472402,21.03474849157467
SW-446,longitudinal,Non-Framed Tube,Low-Intensity,2.57,3.511730611695695,-0.9417306116956952,36.64321446286752
SW-447,transverse,Non-Framed Tube,Low-Intensity,3.34,3.511730611695695,-0.17173061169569515,5.1416350807094355
SW-447,longitudinal,Non-Framed Tube,Low-Intensity,3.12,3.435866360127461,-0.31586636012746094,10.123921798957081
SW-448,transverse,Non-Framed Tube,Low-Intensity,3.31,3.63104245474724,-0.32104245474724014,9.699167817137162
SW-448,longitudinal,Non-Framed Tube,Low-Intensity,3.05,3.511730611695695,-0.4617306116956952,15.13870858018673
SW-449,transverse,Non-Framed Tube,Low-Intensity,3.63,3.598904278865808,0.03109572113419201,-0.8566314362036367
SW-449,longitudinal,Non-Framed Tube,Low-Intensity,3.07,3.3903421124934074,-0.3203421124934076,10.4345964981566
SW-450,transverse,Non-Framed Tube,Low-Intensity,4.26,3.6649833332812354,0.5950166667187644,-13.967527387764424
SW-450,longitudinal,Non-Framed Tube,Low-Intensity,3.38,3.045514622492675,0.3344853775073249,-9.896017086015528
SW-451,transverse,Non-Framed Tube,Low-Intensity,3.42,3.8698298160318583,-0.44982981603185834,13.152918597422758
SW-451,longitudinal,Non-Framed Tube,Low-Intensity,2.4,3.2904505070794863,-0.8904505070794864,37.10210446164527
SW-452,transverse,Non-Framed Tube,Low-Intensity,3.71,3.568400689450856,0.141599310549144,-3.816693006715471
SW-452,longitudinal,Non-Framed Tube,Low-Intensity,3.2,3.412648919608817,-0.21264891960881682,6.645278737775526
SW-453,transverse,Non-Framed Tube,Low-Intensity,3.84,3.823191735183734,0.01680826481626596,-0.43771522959025944
SW-453,longitudinal,Non-Framed Tube,Low-Intensity,3.37,3.412648919608817,-0.04264891960881689,1.2655465759292845
SW-454,transverse,Non-Framed Tube,Low-Intensity,3.8,3.700921418324087,0.09907858167591277,-2.607331096734547
SW-454,longitudinal,Non-Framed Tube,Low-Intensity,3.16,3.368882526206671,-0.2088825262066707,6.610206525527553
SW-455,transverse,Non-Framed Tube,Low-Intensity,4.07,3.5359494435004932,0.5340505564995071,-13.121635294828183
SW-455,longitudinal,Non-Framed Tube,Low-Intensity,3.68,3.5359494435004932,0.14405055649950693,-3.914417296182253
SW-456,transverse,Non-Framed Tube,Low-Intensity,3.26,3.6560841268489455,-0.3960841268489457,12.1498198419922
SW-456,longitudinal,Non-Framed Tube,Low-Intensity,2.92,3.4839275112551533,-0.5639275112551534,19.312586001888814
SW-457,transverse,Non-Framed Tube,Low-Intensity,3.6,3.563795004767907,0.03620499523209331,-1.0056943120025919
SW-457,longitudinal,Non-Framed Tube,Low-Intensity,3.17,3.413723782234741,-0.24372378223474112,7.6884473891085525
SW-458,transverse,Non-Framed Tube,Low-Intensity,3.89,3.805802223196409,0.0841977768035913,-2.1644672700152006
SW-458,longitudinal,Non-Framed Tube,Low-Intensity,3.28,3.413723782234741,-0.13372378223474124,4.076944580327477
SW-459,transverse,Non-Framed Tube,Low-Intensity,3.92,3.509360339544157,0.4106396604558431,-10.475501542240895
SW-459,longitudinal,Non-Framed Tube,Low-Intensity,3.29,3.4839275112551533,-0.19392751125515328,5.894453229639917
SW-460,transverse,Non-Framed Tube,Low-Intensity,3.43,3.593010349378103,-0.16301034937810277,4.752488320061306
SW-460,longitudinal,Non-Framed Tube,Low-Intensity,2.92,3.4839275112551533,-0.5639275112551534,19.312586001888814
SW-461,transverse,Non-Framed Tube,Low-Intensity,3.36,3.690259080407313,-0.3302590804073131,9.829139297836699
SW-461,longitudinal,Non-Framed Tube,Low-Intensity,2.94,3.6237243083752277,-0.6837243083752278,23.25592885630027
SW-462,transverse,Non-Framed Tube,Low-Intensity,4.7,3.563795004767907,1.1362049952320934,-24.174574366640282
SW-462,longitudinal,Non-Framed Tube,Low-Intensity,3.34,3.4361844293992228,-0.09618442939922289,2.8797733353060746
SW-463,transverse,Non-Framed Tube,Low-Intensity,3.61,3.6811257989506503,-0.07112579895065041,1.9702437382451639
SW-463,longitudinal,Non-Framed Tube,Low-Intensity,2.89,3.459719939189628,-0.5697199391896279,19.713492705523457
SW-464,transverse,Non-Framed Tube,Low-Intensity,3.77,3.6811257989506503,0.08887420104934973,-2.357405863377977
SW-464,longitudinal,Non-Framed Tube,Low-Intensity,3.35,3.48325762026715,-0.13325762026715005,3.9778394109597026
SW-465,transverse,Non-Framed Tube,Low-Intensity,3.57,3.61762000930535,-0.04762000930535004,1.3338938180770321
SW-465,longitudinal,Non-Framed Tube,Low-Intensity,3.08,3.437105451976075,-0.357105451976075,11.594332856366071
SW-466,transverse,Non-Framed Tube,Low-Intensity,3.64,3.6485443378846463,-0.008544337884646147,0.23473455727049855
SW-466,longitudinal,Non-Framed Tube,Low-Intensity,3.12,3.459719939189628,-0.33971993918962795,10.888459589411152
SW-467,transverse,Non-Framed Tube,Low-Intensity,2.87,3.5601682753052915,-0.6901682753052913,24.04767509774534
SW-467,longitudinal,Non-Framed Tube,Low-Intensity,2.68,3.5077900284555303,-0.8277900284555302,30.887687628937694
SW-468,transverse,Non-Framed Tube,Low-Intensity,4.07,3.7519686103009704,0.3180313896990299,-7.814039058944223
SW-468,longitudinal,Non-Framed Tube,Low-Intensity,2.86,3.459719939189628,-0.5997199391896282,20.969228642993993
SW-469,transverse,Non-Framed Tube,Low-Intensity,3.6,3.588204559595084,0.011795440404915869,-0.32765112235877414
SW-469,longitudinal,Non-Framed Tube,Low-Intensity,3.21,3.48325762026715,-0.27325762026715017,8.512698450690037
SW-470,transverse,Non-Framed Tube,Low-Intensity,4.88,3.7906568819882627,1.0893431180117372,-22.3226048772897
SW-470,longitudinal,Non-Framed Tube,Low-Intensity,3.88,3.2828593328652667,0.5971406671347332,-15.390223379761165
SW-471,transverse,Non-Framed Tube,Low-Intensity,3.52,3.584387107110089,-0.06438710711008877,1.8291791792638856
SW-471,longitudinal,Non-Framed Tube,Low-Intensity,3.45,3.5316525456559087,-0.08165254565590851,2.3667404537944496
SW-472,transverse,Non-Framed Tube,Low-Intensity,3.67,3.6126141144222617,0.05738588557773827,-1.563648108385239
SW-472,longitudinal,Non-Framed Tube,Low-Intensity,2.96,3.506953250336995,-0.5469532503369949,18.4781503492228
SW-473,transverse,Non-Framed Tube,Low-Intensity,4.12,3.5316525456559087,0.5883474543440914,-14.280278018060471
SW-473,longitudinal,Non-Framed Tube,Low-Intensity,3.62,3.5574337688529805,0.06256623114701965,-1.72834892671325
SW-474,transverse,Non-Framed Tube,Low-Intensity,4.43,3.6126141144222617,0.8173858855777381,-18.45114865863969
SW-474,longitudinal,Non-Framed Tube,Low-Intensity,3.37,3.4832554489800343,-0.11325544898003415,3.36069581543128
SW-475,transverse,Non-Framed Tube,Low-Intensity,3.73,3.6126141144222617,0.11738588557773832,-3.14707468036832
SW-475,longitudinal,Non-Framed Tube,Low-Intensity,3.2,3.5316525456559087,-0.3316525456559085,10.36414205174714
SW-476,transverse,Non-Framed Tube,Low-Intensity,3.7,3.6733643673940657,0.02663563260593449,-0.7198819623225537
SW-476,longitudinal,Non-Framed Tube,Low-Intensity,3.54,3.5574337688529805,-0.017433768852980425,0.49247934612939054
SW-477,transverse,Non-Framed Tube,Low-Intensity,3.8,3.706167471052356,0.09383252894764382,-2.4692770775695743
SW-477,longitudinal,Non-Framed Tube,Low-Intensity,3.14,3.506953250336995,-0.3669532503369948,11.686409246401107
SW-478,transverse,Non-Framed Tube,Low-Intensity,4.8,3.584387107110089,1.215612892889911,-25.325268601873148
SW-478,longitudinal,Non-Framed Tube,Low-Intensity,4.69,3.438583543990257,1.2514164560097436,-26.682653646263187
SW-479,transverse,Non-Framed Tube,Low-Intensity,3.6,3.5316525456559087,0.0683474543440914,-1.898540398446983
SW-479,longitudinal,Non-Framed Tube,Low-Intensity,3.21,3.506953250336995,-0.29695325033699493,9.25088007280358
SW-480,transverse,Non-Framed Tube,Low-Intensity,3.64,3.4832554489800343,0.15674455101996587,-4.306168984064996
SW-480,longitudinal,Non-Framed Tube,Low-Intensity,3.54,3.460487121717409,0.0795128782825909,-2.2461265051579353
SW-481,transverse,Non-Framed Tube,Low-Intensity,4.2,3.5574337688529805,0.6425662311470197,-15.299195979690944
SW-481,longitudinal,Non-Framed Tube,Low-Intensity,3.63,3.506953250336995,0.123046749663005,-3.3897176215703855
SW-482,transverse,Non-Framed Tube,Low-Intensity,3.79,4.117379573609941,-0.3273795736099405,8.637983472557798
SW-482,longitudinal,Non-Framed Tube,Low-Intensity,3.56,3.256564752953897,0.30343524704610303,-8.523461995677051
SW-483,transverse,Non-Framed Tube,Low-Intensity,3.51,3.7774922062894123,-0.2674922062894125,7.620860578045941
SW-483,longitudinal,Non-Framed Tube,Low-Intensity,2.98,3.438583543990257,-0.4585835439902568,15.388709529874388
SW-484,transverse,Non-Framed Tube,Low-Intensity,3.45,3.902292253842708,-0.45229225384270766,13.109920401237902
SW-484,longitudinal,Non-Framed Tube,Low-Intensity,3.0,3.6126141144222617,-0.6126141144222617,20.420470480742054
SW-485,transverse,Non-Framed Tube,Low-Intensity,3.61,3.766086321785545,-0.15608632178554505,4.323720825084351
SW-485,longitudinal,Non-Framed Tube,Low-Intensity,3.47,3.506790958770439,-0.03679095877043892,1.0602581778224471
SW-486,transverse,Non-Framed Tube,Low-Intensity,3.23,3.842230445008511,-0.6122304450085112,18.954502941439973
SW-486,longitudinal,Non-Framed Tube,Low-Intensity,3.19,3.555515062856286,-0.3655150628562862,11.458152440635931
SW-487,transverse,Non-Framed Tube,Low-Intensity,3.33,3.608605938914887,-0.27860593891488694,8.366544712158767
SW-487,longitudinal,Non-Framed Tube,Low-Intensity,3.16,3.5306488804068397,-0.3706488804068395,11.72939494958353
SW-488,transverse,Non-Framed Tube,Low-Intensity,3.73,4.145199705864062,-0.4151997058640622,11.131359406543222
SW-488,longitudinal,Non-Framed Tube,Low-Intensity,3.46,3.4003257184037396,0.059674281596260315,-1.7246902195450957
SW-489,transverse,Non-Framed Tube,Low-Intensity,2.87,3.766086321785545,-0.8960863217855448,31.222519922841283
SW-489,longitudinal,Non-Framed Tube,Low-Intensity,2.75,3.581470483507393,-0.8314704835073932,30.23529030935975
SW-490,transverse,Non-Framed Tube,Low-Intensity,2.78,3.637023669249439,-0.8570236692494393,30.828189541346738
SW-490,longitudinal,Non-Framed Tube,Low-Intensity,2.77,3.581470483507393,-0.8114704835073931,29.294963303515996
SW-491,transverse,Non-Framed Tube,Low-Intensity,3.38,3.666839329159845,-0.2868393291598452,8.486370685202521
SW-491,longitudinal,Non-Framed Tube,Low-Intensity,2.87,3.555515062856286,-0.685515062856286,23.885542259800907
SW-492,transverse,Non-Framed Tube,Low-Intensity,3.24,3.608605938914887,-0.3686059389148868,11.376726509718727
SW-492,longitudinal,Non-Framed Tube,Low-Intensity,3.07,3.4618172165847856,-0.39181721658478574,12.762775784520707
SW-493,transverse,Non-Framed Tube,Low-Intensity,3.72,3.581470483507393,0.13852951649260703,-3.7239117336722316
SW-493,longitudinal,Non-Framed Tube,Low-Intensity,3.51,3.5306488804068397,-0.020648880406839876,0.5882871910780592
SW-494,transverse,Non-Framed Tube,Low-Intensity,4.33,3.637023669249439,0.692976330750561,-16.004072303708107
SW-494,longitudinal,Non-Framed Tube,Low-Intensity,2.84,3.506790958770439,-0.6667909587704393,23.47855488628307
SW-495,transverse,Non-Framed Tube,Low-Intensity,3.83,3.842230445008511,-0.012230445008511115,0.3193327678462432
SW-495,longitudinal,Non-Framed Tube,Low-Intensity,3.41,3.4618172165847856,-0.05181721658478544,1.5195664687620363
SW-496,transverse,Non-Framed Tube,Low-Intensity,4.21,3.8030158022778546,0.40698419772214534,-9.667083081286114
SW-496,longitudinal,Non-Framed Tube,Low-Intensity,3.67,3.420096386754066,0.2499036132459338,-6.809362758744791
SW-497,transverse,Non-Framed Tube,Low-Intensity,4.3,3.842230445008511,0.45776955499148864,-10.645803604453224
SW-497,longitudinal,Non-Framed Tube,Low-Intensity,4.06,3.637023669249439,0.4229763307505605,-10.418136225383266
SW-498,transverse,Non-Framed Tube,Low-Intensity,4.11,3.5303264685608453,0.579673531439155,-14.103978867132724
SW-498,longitudinal,Non-Framed Tube,Low-Intensity,3.7,3.5072504612000763,0.19274953879992385,-5.209446994592536
SW-499,transverse,Non-Framed Tube,Low-Intensity,3.2,3.632824770719685,-0.4328247707196846,13.525774084990143
SW-499,longitudinal,Non-Framed Tube,Low-Intensity,2.94,3.554344510476684,-0.614344510476684,20.896071784921226
SW-500,transverse,Non-Framed Tube,Low-Intensity,3.54,3.7230044264129045,-0.1830044264129045,5.169616565336285
SW-500,longitudinal,Non-Framed Tube,Low-Intensity,3.16,3.5303264685608453,-0.37032646856084517,11.719192043064721
SW-501,transverse,Non-Framed Tube,Low-Intensity,3.48,3.8285393982662965,-0.34853939826629654,10.015499950180935
SW-501,longitudinal,Non-Framed Tube,Low-Intensity,3.01,3.6614332240766165,-0.6514332240766167,21.64229980320986
SW-502,transverse,Non-Framed Tube,Low-Intensity,3.0,3.8285393982662965,-0.8285393982662965,27.617979942209885
SW-502,longitudinal,Non-Framed Tube,Low-Intensity,2.34,3.579377580056664,-1.2393775800566642,52.9648538485754
SW-503,transverse,Non-Framed Tube,Low-Intensity,5.08,3.554344510476684,1.525655489523316,-30.032588376443226
SW-503,longitudinal,Non-Framed Tube,Low-Intensity,3.72,3.423146696379604,0.2968533036203964,-7.979927516677323
SW-504,transverse,Non-Framed Tube,Low-Intensity,3.42,4.055280207038335,-0.6352802070383348,18.575444650243707
SW-504,longitudinal,Non-Framed Tube,Low-Intensity,2.95,3.632824770719685,-0.6828247707196846,23.14660239727744
SW-505,transverse,Non-Framed Tube,Low-Intensity,3.76,3.691448989087092,0.06855101091290772,-1.8231651838539287
SW-505,longitudinal,Non-Framed Tube,Low-Intensity,3.18,3.5303264685608453,-0.35032646856084515,11.016555615120915
SW-506,transverse,Non-Framed Tube,Low-Intensity,3.54,3.632824770719685,-0.09282477071968476,2.6221686643978743
SW-506,longitudinal,Non-Framed Tube,Low-Intensity,2.92,3.632824770719685,-0.7128247707196849,24.411807216427565
SW-507,transverse,Non-Framed Tube,Low-Intensity,3.22,4.173019838118183,-0.9530198381181827,29.59688938255226
SW-507,longitudinal,Non-Framed Tube,Low-Intensity,3.08,3.7230044264129045,-0.6430044264129045,20.876767091328066
SW-508,transverse,Non-Framed Tube,Low-Intensity,3.77,3.6614332240766165,0.10856677592338349,-2.8797553295327183
SW-508,longitudinal,Non-Framed Tube,Low-Intensity,3.27,3.5303264685608453,-0.2603264685608453,7.961054084429519
SW-509,transverse,Non-Framed Tube,Low-Intensity,2.94,3.8285393982662965,-0.8885393982662966,30.222428512459068
SW-509,longitudinal,Non-Framed Tube,Low-Intensity,2.74,3.6614332240766165,-0.9214332240766163,33.62894978381811
SW-510,transverse,Non-Framed Tube,Low-Intensity,3.7,4.003272223481233,-0.3032722234812324,8.196546580573848
SW-510,longitudinal,Non-Framed Tube,Low-Intensity,3.29,3.443050053779261,-0.15305005377926095,4.65197731851857
SW-511,transverse,Non-Framed Tube,Low-Intensity,3.96,3.756250815255766,0.20374918474423387,-5.145181432935199
SW-511,longitudinal,Non-Framed Tube,Low-Intensity,3.29,3.579377580056664,-0.28937758005666403,8.795671126342372
SW-512,transverse,Non-Framed Tube,Low-Intensity,3.92,3.756250815255766,0.16374918474423383,-4.177275121026373
SW-512,longitudinal,Non-Framed Tube,Low-Intensity,3.04,3.423146696379604,-0.38314669637960375,12.603509749329072
SW-513,transverse,Non-Framed Tube,Low-Intensity,3.81,3.8540629942547384,-0.044062994254738364,1.1565090355574374
SW-513,longitudinal,Non-Framed Tube,Low-Intensity,3.28,3.5780401405465287,-0.29804014054652894,9.08658965080881
SW-514,transverse,Non-Framed Tube,Low-Intensity,3.59,3.781292487357471,-0.19129248735747106,5.328481541990837
SW-514,longitudinal,Non-Framed Tube,Low-Intensity,3.29,3.685842778903794,-0.39584277890379393,12.031695407410151
SW-515,transverse,Non-Framed Tube,Low-Intensity,4.1,3.8166378160377,0.2833621839622995,-6.911272779568281
SW-515,longitudinal,Non-Framed Tube,Low-Intensity,3.41,3.685842778903794,-0.27584277890379383,8.08923105289718
SW-516,transverse,Non-Framed Tube,Low-Intensity,3.35,3.9813927725016813,-0.6313927725016812,18.847545447811378
SW-516,longitudinal,Non-Framed Tube,Low-Intensity,2.93,3.4459676743554675,-0.5159676743554673,17.609818237387962
SW-517,transverse,Non-Framed Tube,Low-Intensity,3.77,3.657043602524483,0.112956397475517,-2.996190914469947
SW-517,longitudinal,Non-Framed Tube,Low-Intensity,3.67,3.5538619783512506,0.11613802164874931,-3.1645237506471204
SW-518,transverse,Non-Framed Tube,Low-Intensity,3.71,3.747824455922324,-0.037824455922323974,1.0195271138092716
SW-518,longitudinal,Non-Framed Tube,Low-Intensity,3.33,3.5538619783512506,-0.22386197835125055,6.722581932469986
SW-519,transverse,Non-Framed Tube,Low-Intensity,3.56,4.08231540841859,-0.5223154084185899,14.67178113535365
SW-519,longitudinal,Non-Framed Tube,Low-Intensity,3.05,3.508284561773843,-0.45828456177384336,15.025723336847324
SW-520,transverse,Non-Framed Tube,Low-Intensity,3.98,3.9813927725016813,-0.0013927725016813497,0.03499428396184296
SW-520,longitudinal,Non-Framed Tube,Low-Intensity,3.2,3.07359379038244,0.12640620961756,-3.95019405054875
SW-521,transverse,Non-Framed Tube,Low-Intensity,3.96,3.893804008028759,0.06619599197124115,-1.6716159588697261
SW-521,longitudinal,Non-Framed Tube,Low-Intensity,3.54,3.5306321309414104,0.009367869058589662,-0.26462906945168535
SW-522,transverse,Non-Framed Tube,Low-Intensity,3.87,3.716058649014339,0.15394135098566109,-3.9778126869679866
SW-522,longitudinal,Non-Framed Tube,Low-Intensity,3.39,3.6295439128162172,-0.23954391281621712,7.066192118472481
SW-523,transverse,Non-Framed Tube,Low-Intensity,3.49,3.685842778903794,-0.19584277890379376,5.6115409428021135
SW-523,longitudinal,Non-Framed Tube,Low-Intensity,3.14,3.5306321309414104,-0.39063213094141025,12.440513724248735
SW-524,transverse,Non-Framed Tube,Low-Intensity,3.4,4.029960704971108,-0.6299607049711082,18.528256028562005
SW-524,longitudinal,Non-Framed Tube,Low-Intensity,2.34,3.5306321309414104,-1.1906321309414105,50.881714997496175
SW-525,transverse,Non-Framed Tube,Low-Intensity,3.91,3.685842778903794,0.22415722109620617,-5.7329212556574465
SW-525,longitudinal,Non-Framed Tube,Low-Intensity,3.36,3.5780401405465287,-0.21804014054652887,6.489289897218122
SW-526,transverse,Non-Framed Tube,Low-Intensity,3.69,3.716058649014339,-0.026058649014339075,0.7061964502530914
SW-526,longitudinal,Non-Framed Tube,Low-Intensity,3.29,3.5780401405465287,-0.2880401405465287,8.755019469499352
SW-527,transverse,Non-Framed Tube,Low-Intensity,3.42,3.716058649014339,-0.2960586490143391,8.656685643694127
SW-527,longitudinal,Non-Framed Tube,Low-Intensity,2.97,3.6032400972570415,-0.6332400972570413,21.321215395859976
SW-528,transverse,Non-Framed Tube,Low-Intensity,3.71,3.716058649014339,-0.006058649014339057,0.16330590335145706
SW-528,longitudinal,Non-Framed Tube,Low-Intensity,3.25,3.508284561773843,-0.2582845617738432,7.947217285349021
SW-529,transverse,Non-Framed Tube,Low-Intensity,3.44,3.685842778903794,-0.24584277890379402,7.146592409994013
SW-529,longitudinal,Non-Framed Tube,Low-Intensity,2.46,3.508284561773843,-1.0482845617738432,42.61319356804241
SW-530,transverse,Non-Framed Tube,Low-Intensity,2.9,3.9622050542866725,-1.0622050542866726,36.62776049264388
SW-530,longitudinal,Non-Framed Tube,Low-Intensity,2.77,3.531518234368372,-0.761518234368372,27.491633009688517
SW-531,transverse,Non-Framed Tube,Low-Intensity,3.37,3.653580627470629,-0.28358062747062895,8.414855414558723
SW-531,longitudinal,Non-Framed Tube,Low-Intensity,3.11,3.554013800682744,-0.4440138006827441,14.276971083046433
SW-532,transverse,Non-Framed Tube,Low-Intensity,3.64,3.772644485431744,-0.13264448543174368,3.644079270102848
SW-532,longitudinal,Non-Framed Tube,Low-Intensity,3.27,3.7102523337309714,-0.4402523337309714,13.463374120213192
SW-533,transverse,Non-Framed Tube,Low-Intensity,3.4,3.8795865902431808,-0.47958659024318084,14.105487948328848
SW-533,longitudinal,Non-Framed Tube,Low-Intensity,2.55,3.554013800682744,-1.0040138006827442,39.37309022285272
SW-534,transverse,Non-Framed Tube,Low-Intensity,3.33,4.007759612054673,-0.6777596120546727,20.353141503143323
SW-534,longitudinal,Non-Framed Tube,Low-Intensity,3.3,3.430450080019469,-0.130450080019469,3.9530327278626975
SW-535,transverse,Non-Framed Tube,Low-Intensity,3.77,3.653580627470629,0.11641937252937096,-3.08804701669419
SW-535,longitudinal,Non-Framed Tube,Low-Intensity,3.38,3.62710261445742,-0.24710261445742,7.310728238385207
SW-536,transverse,Non-Framed Tube,Low-Intensity,3.52,3.62710261445742,-0.10710261445741986,3.0426879107221554
SW-536,longitudinal,Non-Framed Tube,Low-Intensity,3.12,3.601735770616373,-0.48173577061637296,15.440249058217082
SW-537,transverse,Non-Framed Tube,Low-Intensity,3.68,3.7102523337309714,-0.030252333730971248,0.822074286167697
SW-537,longitudinal,Non-Framed Tube,Low-Intensity,2.74,3.5773974881416564,-0.8373974881416562,30.56195212195825
SW-538,transverse,Non-Framed Tube,Low-Intensity,3.86,3.6812624343292812,0.17873756567071863,-4.6305068826611055
SW-538,longitudinal,Non-Framed Tube,Low-Intensity,3.43,3.653580627470629,-0.2235806274706289,6.518385640543116
SW-539,transverse,Non-Framed Tube,Low-Intensity,3.86,3.772644485431744,0.08735551456825608,-2.26309623233824
SW-539,longitudinal,Non-Framed Tube,Low-Intensity,3.52,3.653580627470629,-0.13358062747062904,3.7949041895065068
SW-540,transverse,Non-Framed Tube,Low-Intensity,3.98,3.7054812661340786,0.2745187338659214,-6.8974556247718946
SW-540,longitudinal,Non-Framed Tube,Low-Intensity,3.18,3.6009329979320626,-0.4209329979320624,13.236886727423347
SW-541,transverse,Non-Framed Tube,Low-Intensity,3.87,3.734661888558149,0.13533811144185126,-3.497108822786854
SW-541,longitudinal,Non-Framed Tube,Low-Intensity,3.31,3.6509651316577973,-0.3409651316577973,10.301061379389646
SW-542,transverse,Non-Framed Tube,Low-Intensity,3.11,3.831375831560881,-0.7213758315608811,23.195364358870776
SW-542,longitudinal,Non-Framed Tube,Low-Intensity,2.55,3.734661888558149,-1.184661888558149,46.457328963064676
SW-543,transverse,Non-Framed Tube,Low-Intensity,3.56,3.7652779688688343,-0.2052779688688342,5.766235080585231
SW-543,longitudinal,Non-Framed Tube,Low-Intensity,3.21,3.734661888558149,-0.5246618885581489,16.344607120191554
SW-544,transverse,Non-Framed Tube,Low-Intensity,3.49,3.797464514941163,-0.307464514941163,8.809871488285472
SW-544,longitudinal,Non-Framed Tube,Low-Intensity,3.16,3.6009329979320626,-0.4409329979320624,13.953575883926025
SW-545,transverse,Non-Framed Tube,Low-Intensity,3.32,3.7054812661340786,-0.38548126613407874,11.610881510062613
SW-545,longitudinal,Non-Framed Tube,Low-Intensity,3.25,3.677617342125041,-0.4276173421250409,13.157456680770489
SW-546,transverse,Non-Framed Tube,Low-Intensity,3.68,3.831375831560881,-0.15137583156088086,4.113473683719588
SW-546,longitudinal,Non-Framed Tube,Low-Intensity,2.62,3.6009329979320626,-0.9809329979320625,37.44019076076574
SW-547,transverse,Non-Framed Tube,Low-Intensity,4.18,3.988272192801716,0.19172780719828353,-4.586789645891951
SW-547,longitudinal,Non-Framed Tube,Low-Intensity,3.07,3.577395470424078,-0.5073954704240782,16.527539753227305
SW-548,transverse,Non-Framed Tube,Low-Intensity,3.85,3.797464514941163,0.05253548505883687,-1.3645580534762825
SW-548,longitudinal,Non-Framed Tube,Low-Intensity,2.96,3.6009329979320626,-0.6409329979320626,21.65314182202914
SW-549,transverse,Non-Framed Tube,Low-Intensity,3.48,3.677617342125041,-0.1976173421250409,5.678659256466692
SW-549,longitudinal,Non-Framed Tube,Low-Intensity,3.15,3.625431400686218,-0.4754314006862179,15.093060339245016
SW-550,transverse,Non-Framed Tube,Low-Intensity,3.35,3.9711643525591316,-0.6211643525591315,18.542219479377057
SW-550,longitudinal,Non-Framed Tube,Low-Intensity,2.85,3.5779855795574296,-0.7279855795574295,25.543353668681736
SW-551,transverse,Non-Framed Tube,Low-Intensity,4.04,3.856417503662586,0.1835824963374142,-4.544121196470648
SW-551,longitudinal,Non-Framed Tube,Low-Intensity,3.34,3.6748276488581753,-0.3348276488581754,10.024779905933395
SW-552,transverse,Non-Framed Tube,Low-Intensity,3.71,3.729700097938877,-0.019700097938876837,0.5309999444441196
SW-552,longitudinal,Non-Framed Tube,Low-Intensity,3.65,3.6748276488581753,-0.024827648858175344,0.6802095577582287
SW-553,transverse,Non-Framed Tube,Low-Intensity,2.88,3.856417503662586,-0.976417503662586,33.90338554383979
SW-553,longitudinal,Non-Framed Tube,Low-Intensity,2.72,3.600777140165412,-0.8807771401654119,32.38151250608132
SW-554,transverse,Non-Framed Tube,Low-Intensity,2.96,3.8222845444505817,-0.8622845444505818,29.131234609816953
SW-554,longitudinal,Non-Framed Tube,Low-Intensity,2.71,3.729700097938877,-1.0197000979388768,37.627309887043424
SW-555,transverse,Non-Framed Tube,Low-Intensity,3.62,3.814497288723328,-0.19449728872332805,5.372853279649946
SW-555,longitudinal,Non-Framed Tube,Low-Intensity,2.84,3.672822660825907,-0.8328226608259071,29.32474157837701
SW-556,transverse,Non-Framed Tube,Low-Intensity,3.48,3.8814591757642916,-0.4014591757642916,11.536183211617574
SW-556,longitudinal,Non-Framed Tube,Low-Intensity,2.91,3.814497288723328,-0.904497288723328,31.082381055784467
SW-557,transverse,Non-Framed Tube,Low-Intensity,3.28,3.7834809982125037,-0.5034809982125039,15.350030433308048
SW-557,longitudinal,Non-Framed Tube,Low-Intensity,2.76,3.725690771433865,-0.9656907714338652,34.988796066444394
SW-558,transverse,Non-Framed Tube,Low-Intensity,3.4,3.8814591757642916,-0.48145917576429165,14.1605639930674
SW-558,longitudinal,Non-Framed Tube,Low-Intensity,3.0,3.6012192521519584,-0.6012192521519584,20.040641738398612
SW-559,transverse,Non-Framed Tube,Low-Intensity,4.13,3.6480040175128736,0.4819959824871263,-11.670604902835986
SW-559,longitudinal,Non-Framed Tube,Low-Intensity,3.67,3.624158809906746,0.045841190093253825,-1.2490787491349817
SW-560,transverse,Non-Framed Tube,Low-Intensity,4.29,3.753918929743674,0.5360810702563259,-12.496062243737201
SW-560,longitudinal,Non-Framed Tube,Low-Intensity,3.6,3.3490990539199745,0.25090094608002556,-6.969470724445154
SW-561,transverse,Non-Framed Tube,Low-Intensity,4.19,3.7781377615484724,0.41186223845152803,-9.829647695740524
SW-561,longitudinal,Non-Framed Tube,Low-Intensity,3.83,3.671539527303279,0.15846047269672114,-4.137349156572354
SW-562,transverse,Non-Framed Tube,Low-Intensity,3.69,3.8391069486505756,-0.1491069486505756,4.040838716817767
SW-562,longitudinal,Non-Framed Tube,Low-Intensity,3.2,3.671539527303279,-0.47153952730327875,14.73561022822746
SW-563,transverse,Non-Framed Tube,Low-Intensity,4.43,4.276090143649332,0.15390985635066734,-3.474263123039895
SW-563,longitudinal,Non-Framed Tube,Low-Intensity,4.26,3.5600725642347877,0.6999274357652121,-16.430221496835966
SW-564,transverse,Non-Framed Tube,Low-Intensity,3.8,3.7781377615484724,0.02186223845152746,-0.5753220645138806
SW-564,longitudinal,Non-Framed Tube,Low-Intensity,3.36,3.671539527303279,-0.31153952730327905,9.27200974116902
SW-565,transverse,Non-Framed Tube,Low-Intensity,3.47,3.7781377615484724,-0.30813776154847217,8.880050765085652
SW-565,longitudinal,Non-Framed Tube,Low-Intensity,3.15,3.6965182908957517,-0.5465182908957518,17.349787012563546
SW-566,transverse,Non-Framed Tube,Low-Intensity,4.24,3.746415200459308,0.4935847995406921,-11.641150932563493
SW-566,longitudinal,Non-Framed Tube,Low-Intensity,3.69,3.6950750370936847,-0.005075037093684731,0.13753488058766208
SW-567,transverse,Non-Framed Tube,Low-Intensity,3.97,3.7737642007426895,0.19623579925731072,-4.942967235700522
SW-567,longitudinal,Non-Framed Tube,Low-Intensity,3.63,3.647686597341016,-0.017686597341016075,0.48723408652936845
SW-568,transverse,Non-Framed Tube,Low-Intensity,3.63,4.139593809819629,-0.5095938098196289,14.038396964728069
SW-568,longitudinal,Non-Framed Tube,Low-Intensity,2.71,3.647686597341016,-0.937686597341016,34.60098145169801
SW-569,transverse,Non-Framed Tube,Low-Intensity,3.07,3.9215646624882594,-0.8515646624882596,27.73826262176741
SW-569,longitudinal,Non-Framed Tube,Low-Intensity,2.76,3.826575425158068,-1.0665754251580681,38.64403714340827
SW-570,transverse,Non-Framed Tube,Low-Intensity,3.74,4.118607885376936,-0.3786078853769359,10.123205491361922
SW-570,longitudinal,Non-Framed Tube,Low-Intensity,3.18,3.605714520186516,-0.4257145201865158,13.38724906246905
SW-571,transverse,Non-Framed Tube,Low-Intensity,3.57,4.100098260109753,-0.5300982601097535,14.848690759376849
SW-571,longitudinal,Non-Framed Tube,Low-Intensity,3.23,3.62853549816238,-0.3985354981623801,12.33856031462477
SW-572,transverse,Non-Framed Tube,Low-Intensity,4.43,4.523052140074465,-0.09305214007446505,2.1004997759472923
SW-572,longitudinal,Non-Framed Tube,Low-Intensity,3.93,3.6308419388463293,0.29915806115367083,-7.612164405945823
SW-573,transverse,Non-Framed Tube,Low-Intensity,4.59,3.818002752060442,0.771997247939558,-16.819112155545927
SW-573,longitudinal,Non-Framed Tube,Low-Intensity,3.76,3.236173882336758,0.5238261176632419,-13.93154568253303
SW-574,transverse,Non-Framed Tube,Low-Intensity,4.53,3.9299383271755683,0.6000616728244319,-13.246394543585692
SW-574,longitudinal,Non-Framed Tube,Low-Intensity,3.93,3.7406212877191307,0.18937871228086944,-4.81879675014935
SW-575,transverse,Non-Framed Tube,Low-Intensity,3.75,4.020844780525937,-0.27084478052593663,7.222527480691643
SW-575,longitudinal,Non-Framed Tube,Low-Intensity,3.48,3.9234507523772595,-0.4434507523772595,12.742837711990216
SW-576,transverse,Non-Framed Tube,Low-Intensity,3.72,4.229032167660375,-0.5090321676603744,13.683660420977805
SW-576,longitudinal,Non-Framed Tube,Low-Intensity,3.01,3.8345938375787503,-0.8245938375787505,27.39514410560633
SW-577,transverse,Non-Framed Tube,Low-Intensity,3.92,4.324161686690568,-0.40416168669056773,10.31024710945326
SW-577,longitudinal,Non-Framed Tube,Low-Intensity,3.5,3.764401392131992,-0.2644013921319921,7.554325489485488
SW-578,transverse,Non-Framed Tube,Low-Intensity,4.03,3.9068946252073355,0.1231053747926647,-3.0547239402646325
SW-578,longitudinal,Non-Framed Tube,Low-Intensity,3.87,3.881357177061418,-0.011357177061417811,0.293467107530176
SW-579,transverse,Non-Framed Tube,Low-Intensity,3.5,4.085203547923048,-0.5852035479230482,16.720101369229948
SW-579,longitudinal,Non-Framed Tube,Low-Intensity,3.21,3.9611778552627084,-0.7511778552627084,23.40117929167316
SW-580,transverse,Non-Framed Tube,Low-Intensity,4.32,4.092982575010844,0.2270174249891559,-5.2550329858600895
SW-580,longitudinal,Non-Framed Tube,Low-Intensity,3.91,3.926490668475361,-0.01649066847536096,0.42175622699132886
SW-581,transverse,Non-Framed Tube,Low-Intensity,4.35,4.086241491250046,0.26375850874995344,-6.063413994251803
SW-581,longitudinal,Non-Framed Tube,Low-Intensity,3.49,3.974883856026753,-0.484883856026753,13.893520229992921
SW-582,transverse,Non-Framed Tube,Low-Intensity,4.24,4.208251847559285,0.031748152440715494,-0.7487771802055541
SW-582,longitudinal,Non-Framed Tube,Low-Intensity,3.69,4.05195274194342,-0.36195274194341964,9.809017396840641
SW-583,transverse,Non-Framed Tube,Low-Intensity,4.3,4.39005851001202,-0.09005851001202014,2.0943839537679105
SW-583,longitudinal,Non-Framed Tube,Low-Intensity,4.08,3.4681161689610893,0.6118838310389108,-14.99715272154193
SW-584,transverse,Non-Framed Tube,Low-Intensity,3.41,4.483547824587551,-1.0735478245875507,31.48234089699562
SW-584,longitudinal,Non-Framed Tube,Low-Intensity,2.64,3.9031550842598035,-1.2631550842598034,47.84678349468952
SW-585,transverse,Non-Framed Tube,Low-Intensity,4.05,4.29386510512955,-0.24386510512954995,6.0213606204827155
SW-585,longitudinal,Non-Framed Tube,Low-Intensity,3.65,4.045028865250755,-0.395028865250755,10.822708637006986
SW-586,transverse,Non-Framed Tube,Low-Intensity,5.22,4.441105701988904,0.778894298011096,-14.921346705193411
SW-586,longitudinal,Non-Framed Tube,Low-Intensity,4.66,3.906073307446495,0.7539266925535051,-16.178684389560196
SW-587,transverse,Non-Framed Tube,Low-Intensity,4.08,4.441105701988904,-0.3611057019889037,8.850629950708424
SW-587,longitudinal,Non-Framed Tube,Low-Intensity,2.99,4.042659031448005,-1.0526590314480044,35.2059876738463
SW-588,transverse,Non-Framed Tube,Low-Intensity,4.09,4.382292617798393,-0.29229261779839355,7.14651877257686
SW-588,longitudinal,Non-Framed Tube,Low-Intensity,3.44,3.971233370613173,-0.5312333706131729,15.442830541080607
SW-589,transverse,Non-Framed Tube,Low-Intensity,3.77,4.382292617798393,-0.6122926177983934,16.241183495978603
SW-589,longitudinal,Non-Framed Tube,Low-Intensity,3.36,4.016891729409138,-0.6568917294091379,19.550349089557677
SW-590,transverse,Non-Framed Tube,Low-Intensity,5.47,4.238295565839633,1.231704434160367,-22.517448522127367
SW-590,longitudinal,Non-Framed Tube,Low-Intensity,5.22,4.146735262222798,1.073264737777202,-20.5606271604828
SW-591,transverse,Non-Framed Tube,Low-Intensity,5.38,4.26251439764443,1.1174856023555702,-20.771107850475282
SW-591,longitudinal,Non-Framed Tube,Low-Intensity,4.91,4.170430892292643,0.7395691077073572,-15.062507285282223
SW-592,transverse,Non-Framed Tube,Low-Intensity,4.39,4.29608164958323,0.09391835041676977,-2.1393701689469196
SW-592,longitudinal,Non-Framed Tube,Low-Intensity,3.9,4.142249723111392,-0.2422497231113918,6.21153136183056
SW-593,transverse,Non-Framed Tube,Low-Intensity,3.25,4.223665544466864,-0.973665544466864,29.958939829749664
SW-593,longitudinal,Non-Framed Tube,Low-Intensity,3.11,4.165785232901797,-1.0557852329017972,33.94807822835361
SW-594,transverse,Non-Framed Tube,Low-Intensity,4.15,4.286733229449228,-0.13673322944922806,3.2947766132344105
SW-594,longitudinal,Non-Framed Tube,Low-Intensity,3.81,4.194126522362487,-0.38412652236248723,10.08206095439599
SW-595,transverse,Non-Framed Tube,Low-Intensity,4.04,4.666017794192858,-0.6260177941928582,15.495489955268766
SW-595,longitudinal,Non-Framed Tube,Low-Intensity,3.81,4.062004419084331,-0.2520044190843307,6.614289214811829
SW-596,transverse,Non-Framed Tube,Low-Intensity,3.56,4.666017794192858,-1.1060177941928582,31.067915567215117
SW-596,longitudinal,Non-Framed Tube,Low-Intensity,3.05,3.9386830458023483,-0.8886830458023485,29.137149042699953
SW-597,transverse,Non-Framed Tube,Low-Intensity,4.02,4.549634482693947,-0.5296344826939476,13.17498713169024
SW-597,longitudinal,Non-Framed Tube,Low-Intensity,3.89,4.265213412572021,-0.375213412572021,9.645589012134216
SW-598,transverse,Non-Framed Tube,Low-Intensity,3.8,4.772397959091419,-0.9723979590914196,25.589419976089992
SW-598,longitudinal,Non-Framed Tube,Low-Intensity,3.58,3.945807557476935,-0.36580755747693505,10.21808819767975
SW-599,transverse,Non-Framed Tube,Low-Intensity,4.24,4.532542650408624,-0.2925426504086239,6.899590811524149
SW-599,longitudinal,Non-Framed Tube,Low-Intensity,3.3,4.2320822231814255,-0.9320822231814256,28.244915853982597
SW-600,transverse,Non-Framed Tube,Low-Intensity,3.72,4.62546172407218,-0.9054617240721794,24.340368926671488
SW-600,longitudinal,Non-Framed Tube,Low-Intensity,3.66,4.200521065610698,-0.5405210656106982,14.76833512597536
SW-601,transverse,Non-Framed Tube,Low-Intensity,4.61,4.822420625283121,-0.2124206252831211,4.607822674254254
SW-601,longitudinal,Non-Framed Tube,Low-Intensity,3.77,4.221880925534845,-0.4518809255348448,11.986231446547608
SW-602,transverse,Non-Framed Tube,Low-Intensity,3.67,4.616525488752002,-0.9465254887520018,25.790885252098143
SW-602,longitudinal,Non-Framed Tube,Low-Intensity,3.6,3.7167129630801155,-0.11671296308011536,3.2420267522254265
SW-603,transverse,Non-Framed Tube,Low-Intensity,4.35,4.454778453130777,-0.10477845313077694,2.4087000719718836
SW-603,longitudinal,Non-Framed Tube,Low-Intensity,3.43,4.315289400736674,-0.8852894007366738,25.810186610398652
SW-604,transverse,Non-Framed Tube,Low-Intensity,3.71,4.75791769932397,-1.0479176993239703,28.24576008959489
SW-604,longitudinal,Non-Framed Tube,Low-Intensity,3.56,4.387313552725573,-0.8273135527255726,23.239144739482377
SW-605,transverse,Non-Framed Tube,Low-Intensity,3.59,4.686634526818069,-1.096634526818069,30.546922752592454
SW-605,longitudinal,Non-Framed Tube,Low-Intensity,3.24,4.518817879757882,-1.2788178797578817,39.4696876468482
SW-606,transverse,Non-Framed Tube,Low-Intensity,4.34,5.004890594888429,-0.6648905948884289,15.320059790055968
SW-606,longitudinal,Non-Framed Tube,Low-Intensity,4.17,4.433495800649,-0.26349580064900024,6.318844140263795
SW-607,transverse,Non-Framed Tube,Low-Intensity,4.31,5.004890594888429,-0.6948905948884292,16.12275162154128
SW-607,longitudinal,Non-Framed Tube,Low-Intensity,3.93,4.357010326615596,-0.42701032661559557,10.865402712865027
SW-608,transverse,Non-Framed Tube,Low-Intensity,3.54,4.852943448206877,-1.3129434482068767,37.088797971945674
SW-608,longitudinal,Non-Framed Tube,Low-Intensity,3.04,3.933859450655822,-0.893859450655822,29.403271403152036
SW-609,transverse,Non-Framed Tube,Low-Intensity,4.66,5.187360564493735,-0.5273605644937351,11.316750311024359
SW-609,longitudinal,Non-Framed Tube,Low-Intensity,4.11,4.515859661440122,-0.40585966144012176,9.874930935282768
SW-610,transverse,Non-Framed Tube,High-Intensity,1.77,1.9584856724818804,-0.18848567248188042,10.648908049823751
SW-610,longitudinal,Non-Framed Tube,High-Intensity,1.5,1.6568562039182324,-0.1568562039182324,10.457080261215493
SW-611,transverse,Non-Framed Tube,High-Intensity,1.68,1.8577334530750702,-0.17773345307507027,10.579372206849422
SW-611,longitudinal,Non-Framed Tube,High-Intensity,1.47,1.533268915451309,-0.06326891545130908,4.30400785383055
SW-612,transverse,Non-Framed Tube,High-Intensity,1.68,2.014659488269538,-0.3346594882695382,19.92020763509156
SW-612,longitudinal,Non-Framed Tube,High-Intensity,1.58,1.5998570646780885,-0.019857064678088454,1.2567762454486362
SW-613,transverse,Non-Framed Tube,High-Intensity,1.5,1.9267246378322895,-0.42672463783228953,28.448309188819305
SW-613,longitudinal,Non-Framed Tube,High-Intensity,1.32,1.6172509040285563,-0.29725090402855625,22.51900788095123
SW-614,transverse,Non-Framed Tube,High-Intensity,1.81,2.0392285064191666,-0.2292285064191666,12.664558365699811
SW-614,longitudinal,Non-Framed Tube,High-Intensity,1.75,1.4731133853591765,0.27688661464082354,-15.822092265189918
SW-615,transverse,Non-Framed Tube,High-Intensity,1.91,1.9502212797570735,-0.04022127975707357,2.10582616529181
SW-615,longitudinal,Non-Framed Tube,High-Intensity,1.61,1.5390861382055157,0.07091386179448445,-4.404587689098412
SW-616,transverse,Non-Framed Tube,High-Intensity,1.38,1.8452681148908183,-0.46526811489081843,33.71508078918974
SW-616,longitudinal,Non-Framed Tube,High-Intensity,1.24,1.7820313281580071,-0.5420313281580071,43.71220388371025
SW-617,transverse,Non-Framed Tube,High-Intensity,1.91,2.0637975245687956,-0.1537975245687957,8.052226417214435
SW-617,longitudinal,Non-Framed Tube,High-Intensity,1.35,1.5452163727917716,-0.1952163727917715,14.460472058649739
SW-618,transverse,Non-Framed Tube,High-Intensity,1.32,1.9737179216818577,-0.6537179216818576,49.524084975898305
SW-618,longitudinal,Non-Framed Tube,High-Intensity,1.23,1.6221512223577452,-0.39215122235774524,31.882213199816686
SW-619,transverse,Non-Framed Tube,High-Intensity,1.72,1.9716007719865754,-0.2516007719865754,14.627951859684616
SW-619,longitudinal,Non-Framed Tube,High-Intensity,1.54,1.6104692643477723,-0.07046926434777223,4.575926256348846
SW-620,transverse,Non-Framed Tube,High-Intensity,2.09,1.9273996749346958,0.16260032506530409,-7.779919859583928
SW-620,longitudinal,Non-Framed Tube,High-Intensity,2.07,1.7365708469144332,0.33342915308556664,-16.107688554858292
SW-621,transverse,Non-Framed Tube,High-Intensity,2.04,2.200027884988083,-0.16002788498808318,7.844504166082508
SW-621,longitudinal,Non-Framed Tube,High-Intensity,1.5,1.7882753234709843,-0.2882753234709843,19.218354898065616
SW-622,transverse,Non-Framed Tube,High-Intensity,2.24,2.1440798366681615,0.09592016333183873,-4.2821501487428
SW-622,longitudinal,Non-Framed Tube,High-Intensity,1.92,1.6491717661411354,0.27082823385886456,-14.105637180149197
SW-623,transverse,Non-Framed Tube,High-Intensity,2.11,2.1679029459644745,-0.05790294596447465,2.7442154485533012
SW-623,longitudinal,Non-Framed Tube,High-Intensity,2.01,1.757330490887557,0.2526695091124427,-12.570622343902622
SW-624,transverse,Non-Framed Tube,High-Intensity,2.34,2.2086843409296977,0.13131565907030218,-5.611780302149667
SW-624,longitudinal,Non-Framed Tube,High-Intensity,1.87,1.8643965691634845,0.005603430836515599,-0.29964870783505876
SW-625,transverse,Non-Framed Tube,High-Intensity,2.19,2.334056724214709,-0.14405672421470905,6.577932612543792
SW-625,longitudinal,Non-Framed Tube,High-Intensity,1.81,1.9305244969289035,-0.12052449692890344,6.658811985022289
SW-626,transverse,Non-Framed Tube,High-Intensity,2.13,2.151515916206172,-0.021515916206172214,1.0101369110878975
SW-626,longitudinal,Non-Framed Tube,High-Intensity,1.77,1.827265238069112,-0.05726523806911188,3.2353241846955862
SW-627,transverse,Non-Framed Tube,High-Intensity,2.26,2.1308453231477307,0.1291546768522691,-5.714808710277395
SW-627,longitudinal,Non-Framed Tube,High-Intensity,2.05,1.9350847983150243,0.11491520168497549,-5.605619594389048
SW-628,transverse,Non-Framed Tube,High-Intensity,2.41,2.1739228474585666,0.23607715254143358,-9.795732470598903
SW-628,longitudinal,Non-Framed Tube,High-Intensity,2.19,1.9222496089597363,0.26775039104026366,-12.226045252980075
SW-629,transverse,Non-Framed Tube,High-Intensity,2.08,2.0594177461533647,0.020582253846635368,-0.9895314349343927
SW-629,longitudinal,Non-Framed Tube,High-Intensity,1.86,1.9614791928160573,-0.10147919281605722,5.455870581508452
SW-630,transverse,Non-Framed Tube,High-Intensity,2.31,2.4061340389276036,-0.09613403892760353,4.161646706822664
SW-630,longitudinal,Non-Framed Tube,High-Intensity,1.77,2.0524523598928344,-0.28245235989283435,15.957760445922846
SW-631,transverse,Non-Framed Tube,High-Intensity,1.75,2.130843083896204,-0.3808430838962038,21.762461936925934
SW-631,longitudinal,Non-Framed Tube,High-Intensity,1.67,2.100606101076432,-0.43060610107643216,25.784796471642643
SW-632,transverse,Non-Framed Tube,High-Intensity,1.86,2.5060398512621083,-0.6460398512621082,34.73332533667248
SW-632,longitudinal,Non-Framed Tube,High-Intensity,1.42,1.8690613349599534,-0.4490613349599535,31.624037673236163
SW-633,transverse,Non-Framed Tube,High-Intensity,3.42,2.4299571482239166,0.9900428517760833,-28.9486213969615
SW-633,longitudinal,Non-Framed Tube,High-Intensity,2.43,1.9238965655518476,0.5061034344481525,-20.82730182914208
SW-634,transverse,Non-Framed Tube,High-Intensity,3.05,2.3070201646499076,0.7429798353500923,-24.35999460164237
SW-634,longitudinal,Non-Framed Tube,High-Intensity,2.66,1.811517063088289,0.8484829369117111,-31.897854771116958
SW-635,transverse,Non-Framed Tube,High-Intensity,2.11,2.5014264761128553,-0.3914264761128554,18.551017825253812
SW-635,longitudinal,Non-Framed Tube,High-Intensity,1.97,1.8890279261080238,0.08097207389197614,-4.110257557968332
SW-636,transverse,Non-Framed Tube,High-Intensity,1.92,2.4355068359834164,-0.5155068359834165,26.849314374136277
SW-636,longitudinal,Non-Framed Tube,High-Intensity,1.86,2.0379823947948115,-0.17798239479481137,9.568945956710287
SW-637,transverse,Non-Framed Tube,High-Intensity,2.07,2.182982810922567,-0.11298281092256701,5.458106807853479
SW-637,longitudinal,Non-Framed Tube,High-Intensity,1.98,2.0681079128765534,-0.0881079128765534,4.449894589724919
SW-638,transverse,Non-Framed Tube,High-Intensity,2.47,2.514736747455278,-0.044736747455278,1.8112043504161133
SW-638,longitudinal,Non-Framed Tube,High-Intensity,1.72,2.1892054920386554,-0.46920549203865547,27.279389072014855
SW-639,transverse,Non-Framed Tube,High-Intensity,2.8,2.460357486521091,0.3396425134789087,-12.130089767103884
SW-639,longitudinal,Non-Framed Tube,High-Intensity,2.45,2.221408678152237,0.22859132184776332,-9.330258034602585
SW-640,transverse,Non-Framed Tube,High-Intensity,2.72,2.702113821350162,0.017886178649838325,-0.6575800974205266
SW-640,longitudinal,Non-Framed Tube,High-Intensity,2.63,2.336950706808673,0.2930492931913271,-11.142558676476316
SW-641,transverse,Non-Framed Tube,High-Intensity,2.71,2.650668463533942,0.059331536466058044,-2.1893555891534335
SW-641,longitudinal,Non-Framed Tube,High-Intensity,2.63,2.3205787084268907,0.30942129157310916,-11.76506812065054
SW-642,transverse,Non-Framed Tube,High-Intensity,2.66,2.772603747124514,-0.11260374712451382,4.233223576109542
SW-642,longitudinal,Non-Framed Tube,High-Intensity,2.52,2.3540206824863183,0.16597931751368167,-6.586480853717526
SW-643,transverse,Non-Framed Tube,High-Intensity,2.9,2.6769769123733798,0.22302308762662015,-7.690451297469661
SW-643,longitudinal,Non-Framed Tube,High-Intensity,2.82,2.5159668281721306,0.30403317182786926,-10.781318149924443
SW-644,transverse,Non-Framed Tube,High-Intensity,3.22,2.977888662039113,0.24211133796088724,-7.51898565095923
SW-644,longitudinal,Non-Framed Tube,High-Intensity,2.34,2.6113273086963282,-0.2713273086963284,11.595184132321727
SW-645,transverse,Non-Framed Tube,High-Intensity,3.2,2.6964259380887894,0.5035740619112108,-15.736689434725337
SW-645,longitudinal,Non-Framed Tube,High-Intensity,3.17,2.6735715737239754,0.49642842627602457,-15.660202721641154
SW-646,transverse,Non-Framed Tube,High-Intensity,2.97,2.8232915818525175,0.1467084181474827,-4.939677378703121
SW-646,longitudinal,Non-Framed Tube,High-Intensity,2.87,2.800334944248297,0.0696650557517029,-2.4273538589443517
SW-647,transverse,Non-Framed Tube,High-Intensity,3.05,2.8474257906217613,0.20257420937823856,-6.641777356663559
SW-647,longitudinal,Non-Framed Tube,High-Intensity,2.84,2.682412985206476,0.15758701479352366,-5.548838549067735
SW-648,transverse,Non-Framed Tube,High-Intensity,3.29,2.9064082375910356,0.3835917624089644,-11.65932408537886
SW-648,longitudinal,Non-Framed Tube,High-Intensity,3.1,2.7172588295255045,0.38274117047449563,-12.34648937014502
SW-649,transverse,Non-Framed Tube,High-Intensity,3.05,2.9730115899810605,0.0769884100189393,-2.524210164555387
SW-649,longitudinal,Non-Framed Tube,High-Intensity,2.76,2.862590667153177,-0.10259066715317733,3.7170531577238166
SW-650,transverse,Non-Framed Tube,High-Intensity,3.94,2.9242301916492166,1.0157698083507833,-25.78095960281176
SW-650,longitudinal,Non-Framed Tube,High-Intensity,3.42,2.9242301916492166,0.4957698083507833,-14.49619322663109
SW-651,transverse,Non-Framed Tube,High-Intensity,2.99,3.2937330543775727,-0.3037330543775725,10.158296133029179
SW-651,longitudinal,Non-Framed Tube,High-Intensity,2.68,2.528611709015811,0.15138829098418904,-5.648816827768248
SW-652,transverse,Non-Framed Tube,High-Intensity,2.67,3.2397058998748176,-0.5697058998748177,21.33729962077969
SW-652,longitudinal,Non-Framed Tube,High-Intensity,2.3,2.9657086340839576,-0.6657086340839578,28.943853655824256
SW-653,transverse,Non-Framed Tube,High-Intensity,2.69,3.3169283575774147,-0.6269283575774147,23.30588689878865
SW-653,longitudinal,Non-Framed Tube,High-Intensity,2.45,2.8698374580060095,-0.41983745800600936,17.13622277575548
SW-654,transverse,Non-Framed Tube,High-Intensity,2.68,3.1721527263936227,-0.4921527263936225,18.363907701254572
SW-654,longitudinal,Non-Framed Tube,High-Intensity,2.41,2.9250671254358918,-0.5150671254358916,21.37207989360546
SW-655,transverse,Non-Framed Tube,High-Intensity,4.11,3.1062826806782855,1.0037173193217148,-24.42134596889817
SW-655,longitudinal,Non-Framed Tube,High-Intensity,2.97,2.872703205746016,0.09729679425398441,-3.2759863385179933
SW-656,transverse,Non-Framed Tube,High-Intensity,4.55,3.05491084827087,1.4950891517291298,-32.859102235805054
SW-656,longitudinal,Non-Framed Tube,High-Intensity,4.03,2.9864478553013276,1.0435521446986726,-25.894594161257384
SW-657,transverse,Non-Framed Tube,High-Intensity,3.48,3.340123660777257,0.1398763392227429,-4.01943503513629
SW-657,longitudinal,Non-Framed Tube,High-Intensity,3.42,2.8899062514186395,0.5300937485813604,-15.499817209981298
SW-658,transverse,Non-Framed Tube,High-Intensity,3.91,3.0071870765186977,0.9028129234813025,-23.08984459031464
SW-658,longitudinal,Non-Framed Tube,High-Intensity,3.64,2.9465900216283267,0.6934099783716734,-19.049724680540475
SW-659,transverse,Non-Framed Tube,High-Intensity,3.35,3.097340165607965,0.252659834392035,-7.542084608717462
SW-659,longitudinal,Non-Framed Tube,High-Intensity,2.96,3.050030296557311,-0.0900302965573112,3.0415640728821356
SW-660,transverse,Non-Framed Tube,High-Intensity,2.96,3.2720971225635536,-0.3120971225635536,10.543821708228162
SW-660,longitudinal,Non-Framed Tube,High-Intensity,2.52,3.0067499093839127,-0.4867499093839127,19.31547259459971
SW-661,transverse,Non-Framed Tube,High-Intensity,2.69,3.3076717579141492,-0.6176717579141493,22.961775387143096
SW-661,longitudinal,Non-Framed Tube,High-Intensity,2.45,3.0067499093839127,-0.5567499093839126,22.724486097302552
SW-662,transverse,Non-Framed Tube,High-Intensity,3.87,3.2720971225635536,0.5979028774364465,-15.449686755463734
SW-662,longitudinal,Non-Framed Tube,High-Intensity,3.41,2.9126018613813773,0.4973981386186228,-14.586455677965478
SW-663,transverse,Non-Framed Tube,High-Intensity,3.57,3.094188128294,0.47581187170600003,-13.32806363322129
SW-663,longitudinal,Non-Framed Tube,High-Intensity,3.06,3.070920915026882,-0.010920915026881861,0.35689264793731573
SW-664,transverse,Non-Framed Tube,High-Intensity,3.21,3.3169203708178485,-0.10692037081784855,3.330852673453226
SW-664,longitudinal,Non-Framed Tube,High-Intensity,2.87,2.988517271434141,-0.1185172714341407,4.129521652757516
SW-665,transverse,Non-Framed Tube,High-Intensity,3.83,3.2246281176192513,0.6053718823807488,-15.806054370254536
SW-665,longitudinal,Non-Framed Tube,High-Intensity,3.45,3.175374007374735,0.274625992625265,-7.960173699283043
SW-666,transverse,Non-Framed Tube,Low-Intensity,1.74,1.8256782380691219,-0.08567823806912189,4.92403667063919
SW-666,longitudinal,Non-Framed Tube,Low-Intensity,1.39,1.532434745996929,-0.14243474599692907,10.247104028556048
SW-667,transverse,Non-Framed Tube,Low-Intensity,1.8,1.9281080301163862,-0.12810803011638616,7.117112784243675
SW-667,longitudinal,Non-Framed Tube,Low-Intensity,1.62,1.6090564832967753,0.010943516703224798,-0.6755257224212838
SW-668,transverse,Non-Framed Tube,Low-Intensity,2.33,2.460965992724728,-0.13096599272472798,5.620858056855278
SW-668,longitudinal,Non-Framed Tube,Low-Intensity,2.18,2.200381589833714,-0.020381589833713853,0.9349353134731124
SW-669,transverse,Non-Framed Tube,Low-Intensity,3.7,2.9915940651587953,0.7084059348412048,-19.14610634705959
SW-669,longitudinal,Non-Framed Tube,Low-Intensity,3.33,2.1308405357719034,1.1991594642280967,-36.010794721564466
SW-670,transverse,Non-Framed Tube,Low-Intensity,2.66,2.5889060769446197,0.07109392305538043,-2.672703874262422
SW-670,longitudinal,Non-Framed Tube,Low-Intensity,2.29,2.1496998562533625,0.14030014374663757,-6.126643831730898
SW-671,transverse,Non-Framed Tube,Low-Intensity,3.44,2.696464443642687,0.7435355563573132,-21.61440570806143
SW-671,longitudinal,Non-Framed Tube,Low-Intensity,2.55,2.315240197521395,0.23475980247860484,-9.206266763866857
SW-672,transverse,Non-Framed Tube,Low-Intensity,3.74,2.9455866521999603,0.7944133478000399,-21.240998604279138
SW-672,longitudinal,Non-Framed Tube,Low-Intensity,2.68,2.510812637754137,0.16918736224586306,-6.31296127783071
SW-673,transverse,Non-Framed Tube,Low-Intensity,3.86,3.032186548593996,0.827813451406004,-21.44594433694311
SW-673,longitudinal,Non-Framed Tube,Low-Intensity,2.76,2.706583625896648,0.05341637410335176,-1.9353758733098465
SW-674,transverse,Non-Framed Tube,Low-Intensity,2.64,2.777190155267865,-0.1371901552678647,5.196596790449421
SW-674,longitudinal,Non-Framed Tube,Low-Intensity,2.49,2.469170706898019,0.02082929310198134,-0.8365177952602947
SW-675,transverse,Non-Framed Tube,Low-Intensity,3.82,2.9535835116209044,0.8664164883790955,-22.681059905211924
SW-675,longitudinal,Non-Framed Tube,Low-Intensity,2.98,2.8396395468449533,0.14036045315504664,-4.710082320639149
SW-676,transverse,Non-Framed Tube,Low-Intensity,4.1,3.284459452895531,0.8155405471044688,-19.891232856206557
SW-676,longitudinal,Non-Framed Tube,Low-Intensity,3.44,2.96547423359111,0.47452576640889,-13.794353674677035
SW-677,transverse,Non-Framed Tube,Low-Intensity,2.31,3.230375701119959,-0.9203757011199589,39.843103944586964
SW-677,longitudinal,Non-Framed Tube,Low-Intensity,2.22,2.9610230462501645,-0.7410230462501644,33.379416497755145
SW-678,transverse,Non-Framed Tube,Low-Intensity,2.38,3.2514238657339365,-0.8714238657339366,36.61444814008137
SW-678,longitudinal,Non-Framed Tube,Low-Intensity,2.24,2.9107650933255926,-0.6707650933255924,29.944870237749658
SW-679,transverse,Non-Framed Tube,Low-Intensity,3.44,3.2976944302511355,0.14230556974886444,-4.136789818280943
SW-679,longitudinal,Non-Framed Tube,Low-Intensity,2.66,2.882923295545323,-0.22292329554532264,8.380575020500851
SW-680,transverse,Non-Framed Tube,Low-Intensity,4.29,3.3929281209776643,0.8970718790223358,-20.910766410777057
SW-680,longitudinal,Non-Framed Tube,Low-Intensity,3.29,3.3411033369632723,-0.051103336963272294,1.553292916816787
SW-681,transverse,Non-Framed Tube,Low-Intensity,3.17,3.2949713706567887,-0.12497137065678876,3.942314531759898
SW-681,longitudinal,Non-Framed Tube,Low-Intensity,2.79,2.8496896069770967,-0.05968960697709669,2.1394124364550784
SW-682,transverse,Non-Framed Tube,Low-Intensity,3.35,3.4612869102353327,-0.11128691023533266,3.321997320457691
SW-682,longitudinal,Non-Framed Tube,Low-Intensity,3.04,2.980817461757803,0.05918253824219688,-1.9467940211248973
SW-683,transverse,Non-Framed Tube,Low-Intensity,3.68,3.413723782234741,0.2662762177652591,-7.235766787099433
SW-683,longitudinal,Non-Framed Tube,Low-Intensity,3.18,3.3131432691972753,-0.13314326919727515,4.186895257775948
SW-684,transverse,Non-Framed Tube,Low-Intensity,3.13,3.9550259329486908,-0.8250259329486909,26.358656004750507
SW-684,longitudinal,Non-Framed Tube,Low-Intensity,2.95,3.3498564621074154,-0.3998564621074152,13.554456342624244
SW-685,transverse,Non-Framed Tube,Low-Intensity,3.62,3.653580627470629,-0.033580627470628954,0.9276416428350539
SW-685,longitudinal,Non-Framed Tube,Low-Intensity,3.07,3.019755915242244,0.05024408475775566,-1.6366151386891095
SW-686,transverse,Non-Framed Tube,Low-Intensity,3.07,3.701654056779453,-0.6316540567794533,20.575050709428446
SW-686,longitudinal,Non-Framed Tube,Low-Intensity,2.91,3.199123279729656,-0.2891232797296559,9.935507894489893
SW-687,transverse,Non-Framed Tube,Low-Intensity,3.87,3.91774080454201,-0.04774080454201002,1.2336125204653752
SW-687,longitudinal,Non-Framed Tube,Low-Intensity,3.52,3.4615183441776622,0.058481655822337775,-1.6614106767709595
SW-688,transverse,Non-Framed Tube,Low-Intensity,3.63,3.694579833874166,-0.06457983387416633,1.7790587844122956
SW-688,longitudinal,Non-Framed Tube,Low-Intensity,3.54,3.348028077149856,0.19197192285014397,-5.42293567373288
SW-689,transverse,Non-Framed Tube,Low-Intensity,3.85,3.8418652692608193,0.008134730739180807,-0.21129170751118978
SW-689,longitudinal,Non-Framed Tube,Low-Intensity,2.86,3.6535347009641193,-0.7935347009641194,27.745968565179002
SW-690,transverse,Non-Framed Tube,Low-Intensity,3.4,4.119946781550629,-0.7199467815506293,21.17490533972439
SW-690,longitudinal,Non-Framed Tube,Low-Intensity,3.0,3.492104389887161,-0.4921043898871611,16.40347966290537
SW-691,transverse,Non-Framed Tube,Low-Intensity,3.18,4.3010778549822435,-1.1210778549822433,35.25402059692589
SW-691,longitudinal,Non-Framed Tube,Low-Intensity,3.09,3.2970840801517154,-0.20708408015171553,6.701750166722186
SW-692,transverse,Non-Framed Tube,Low-Intensity,3.03,4.3010778549822435,-1.2710778549822437,41.94976419083313
SW-692,longitudinal,Non-Framed Tube,Low-Intensity,3.03,3.565169960624489,-0.5351699606244891,17.66237493810195
SW-693,transverse,Non-Framed Tube,Low-Intensity,3.99,4.134422867777543,-0.14442286777754276,3.6196207463043297
SW-693,longitudinal,Non-Framed Tube,Low-Intensity,3.59,3.6624070146747245,-0.07240701467472466,2.0169084867611327
SW-694,transverse,Non-Framed Tube,Low-Intensity,4.0,4.056627924064219,-0.05662792406421868,1.415698101605467
SW-694,longitudinal,Non-Framed Tube,Low-Intensity,3.9,3.857769560024225,0.042230439975774914,-1.082831794250639
SW-695,transverse,Non-Framed Tube,Low-Intensity,4.24,4.048107683949769,0.1918923160502315,-4.525762170996026
SW-695,longitudinal,Non-Framed Tube,Low-Intensity,4.1,3.9031550842598035,0.19684491574019614,-4.801095505858442
SW-696,transverse,Non-Framed Tube,Low-Intensity,3.66,4.397979999937482,-0.7379799999374814,20.163387976433917
SW-696,longitudinal,Non-Framed Tube,Low-Intensity,3.47,3.906073307446495,-0.43607330744649486,12.566954105086307
SW-697,transverse,Non-Framed Tube,Low-Intensity,3.78,4.798436045827092,-1.0184360458270922,26.94275253510826
SW-697,longitudinal,Non-Framed Tube,Low-Intensity,3.22,4.027703222691941,-0.807703222691941,25.08395101527767
SW-698,transverse,Non-Framed Tube,Low-Intensity,4.22,4.852943448206877,-0.632943448206877,14.998659910115569
SW-698,longitudinal,Non-Framed Tube,Low-Intensity,3.89,3.988517335766844,-0.09851733576684385,2.532579325625806
SW-699,transverse,Non-Framed Tube,Low-Intensity,3.76,4.615049213647111,-0.8550492136471108,22.740670575721033
SW-699,longitudinal,Non-Framed Tube,Low-Intensity,3.32,4.333200101077224,-1.0132001010772238,30.51807533365132
SW-700,transverse,Non-Framed Tube,Low-Intensity,4.63,4.897322325522208,-0.26732232552220836,5.77370033525288
SW-700,longitudinal,Non-Framed Tube,Low-Intensity,4.58,4.318753675919251,0.26124632408074877,-5.7040682113700605
SW-701,transverse,Non-Framed Tube,Low-Intensity,1.79,1.8828407832324505,-0.09284078323245049,5.186635934773769
SW-701,longitudinal,Non-Framed Tube,Low-Intensity,1.28,1.7068628722225407,-0.4268628722225407,33.34866189238599
SW-702,transverse,Non-Framed Tube,Low-Intensity,1.81,1.9856023607535493,-0.1756023607535493,9.701787886936424
SW-702,longitudinal,Non-Framed Tube,Low-Intensity,1.4,1.6932606369159706,-0.2932606369159707,20.947188351140767
SW-703,transverse,Non-Framed Tube,Low-Intensity,1.94,1.9328638932305988,0.007136106769401129,-0.36784055512376956
SW-703,longitudinal,Non-Framed Tube,Low-Intensity,1.43,1.818344470707851,-0.38834447070785116,27.15695599355603
SW-704,transverse,Non-Framed Tube,Low-Intensity,1.96,1.9193460356574095,0.0406539643425905,-2.074181854213801
SW-704,longitudinal,Non-Framed Tube,Low-Intensity,1.42,1.70128747877177,-0.28128747877177007,19.808977378293665
SW-705,transverse,Non-Framed Tube,Low-Intensity,1.75,1.8703810408987966,-0.12038104089879664,6.878916622788379
SW-705,longitudinal,Non-Framed Tube,Low-Intensity,1.37,1.63324075398749,-0.2632407539874899,19.21465357572919
SW-706,transverse,Non-Framed Tube,Low-Intensity,2.1,2.019084030970611,0.08091596902938925,-3.8531413823518688
SW-706,longitudinal,Non-Framed Tube,Low-Intensity,1.61,1.7642981261336876,-0.15429812613368754,9.583734542465063
SW-707,transverse,Non-Framed Tube,Low-Intensity,1.96,1.9904329258669429,-0.030432925866942906,1.5527002993338217
SW-707,longitudinal,Non-Framed Tube,Low-Intensity,1.44,1.6736218171114101,-0.23362181711141017,16.223737299403485
SW-708,transverse,Non-Framed Tube,Low-Intensity,2.09,2.203913694236609,-0.11391369423660924,5.45041599218226
SW-708,longitudinal,Non-Framed Tube,Low-Intensity,1.7,1.7878987020153723,-0.08789870201537231,5.170511883257194
SW-709,transverse,Non-Framed Tube,Low-Intensity,2.57,2.2456790441003247,0.32432095589967513,-12.619492447458178
SW-709,longitudinal,Non-Framed Tube,Low-Intensity,1.87,1.9044111561230408,-0.03441115612304069,1.8401687766331918
SW-710,transverse,Non-Framed Tube,Low-Intensity,1.94,2.407542862413678,-0.46754286241367815,24.100147547096814
SW-710,longitudinal,Non-Framed Tube,Low-Intensity,1.73,1.9382857925740384,-0.20828579257403845,12.039641189250778
SW-711,transverse,Non-Framed Tube,Low-Intensity,2.21,2.6421596674976136,-0.4321596674976136,19.554736085864867
SW-711,longitudinal,Non-Framed Tube,Low-Intensity,2.08,2.0217017560056187,0.05829824399438133,-2.8028001920375636
SW-712,transverse,Non-Framed Tube,Low-Intensity,2.37,2.552891369502299,-0.18289136950229867,7.716935422037919
SW-712,longitudinal,Non-Framed Tube,Low-Intensity,2.1,1.9668147079538303,0.1331852920461698,-6.342156764103323
SW-713,transverse,Non-Framed Tube,Low-Intensity,2.37,2.457182921432517,-0.08718292143251682,3.6786042798530305
SW-713,longitudinal,Non-Framed Tube,Low-Intensity,2.14,2.0023825896958685,0.13761741030413166,-6.430720107669703
SW-714,transverse,Non-Framed Tube,Low-Intensity,2.65,2.5022989654816707,0.14770103451832917,-5.573623944087894
SW-714,longitudinal,Non-Framed Tube,Low-Intensity,1.85,2.210905264990894,-0.3609052649908939,19.508392702210482
SW-715,transverse,Non-Framed Tube,Low-Intensity,2.36,2.386251720037776,-0.026251720037776316,1.112361018549844
SW-715,longitudinal,Non-Framed Tube,Low-Intensity,1.94,1.9700773987328255,-0.030077398732825555,1.5503813779806987
SW-716,transverse,Non-Framed Tube,Low-Intensity,2.41,2.6894176344051095,-0.27941763440510936,11.594092713904953
SW-716,longitudinal,Non-Framed Tube,Low-Intensity,2.09,2.0829654455815465,0.007034554418453354,-0.33658155112217003
SW-717,transverse,Non-Framed Tube,Low-Intensity,1.93,2.312215808430971,-0.38221580843097125,19.803927897977783
SW-717,longitudinal,Non-Framed Tube,Low-Intensity,1.76,2.0347852749718247,-0.2747852749718247,15.61279971430822
SW-718,transverse,Non-Framed Tube,Low-Intensity,3.72,2.387181370620288,1.3328186293797124,-35.82845777902453
SW-718,longitudinal,Non-Framed Tube,Low-Intensity,2.82,2.1101488431549864,0.7098511568450134,-25.172026838475652
SW-719,transverse,Non-Framed Tube,Low-Intensity,2.2,2.4395356224255202,-0.23953562242552007,10.887982837523639
SW-719,longitudinal,Non-Framed Tube,Low-Intensity,1.98,2.0065656558633806,-0.026565655863380666,1.3416997910798316
SW-720,transverse,Non-Framed Tube,Low-Intensity,2.28,2.5294268232400428,-0.24942682324004295,10.939772949124691
SW-720,longitudinal,Non-Framed Tube,Low-Intensity,1.92,2.300441656519802,-0.3804416565198019,19.814669610406348
SW-721,transverse,Non-Framed Tube,Low-Intensity,2.71,2.815250959624741,-0.10525095962474085,3.8837992481454187
SW-721,longitudinal,Non-Framed Tube,Low-Intensity,2.22,2.1517994791432415,0.06820052085675865,-3.0720955340882274
SW-722,transverse,Non-Framed Tube,Low-Intensity,2.47,2.8739855112760484,-0.4039855112760482,16.35568871562948
SW-722,longitudinal,Non-Framed Tube,Low-Intensity,2.27,2.1031844148781835,0.1668155851218165,-7.348704190388392
SW-723,transverse,Non-Framed Tube,Low-Intensity,2.67,2.8056079309946007,-0.13560793099460078,5.078948726389543
SW-723,longitudinal,Non-Framed Tube,Low-Intensity,2.61,2.3880931776532153,0.2219068223467846,-8.502177101409373
SW-724,transverse,Non-Framed Tube,Low-Intensity,2.44,2.9396930921541626,-0.4996930921541627,20.479225088285357
SW-724,longitudinal,Non-Framed Tube,Low-Intensity,2.06,2.508435012410434,-0.44843501241043393,21.768689922836597
SW-725,transverse,Non-Framed Tube,Low-Intensity,2.44,2.9572624137510655,-0.5172624137510655,21.19927925209285
SW-725,longitudinal,Non-Framed Tube,Low-Intensity,2.26,2.4482455314158322,-0.18824553141583245,8.32944829273595
SW-726,transverse,Non-Framed Tube,Low-Intensity,3.82,3.11128706725297,0.7087129327470296,-18.55269457452957
SW-726,longitudinal,Non-Framed Tube,Low-Intensity,3.59,2.8578221529661523,0.7321778470338476,-20.39492610122138
SW-727,transverse,Non-Framed Tube,Low-Intensity,3.07,3.0628315186130375,0.007168481386962355,-0.23350102237662396
SW-727,longitudinal,Non-Framed Tube,Low-Intensity,2.84,2.5110210578623917,0.32897894213760814,-11.583765568225639
SW-728,transverse,Non-Framed Tube,Low-Intensity,2.62,2.829182038701395,-0.20918203870139473,7.984047278679188
SW-728,longitudinal,Non-Framed Tube,Low-Intensity,2.29,2.5226714556646517,-0.23267145566465164,10.160325574875618
SW-729,transverse,Non-Framed Tube,Low-Intensity,3.51,3.508586784532786,0.0014132154672137354,-0.04026254892346825
SW-729,longitudinal,Non-Framed Tube,Low-Intensity,3.46,2.4759383857023898,0.9840616142976102,-28.44108711842804
SW-730,transverse,Non-Framed Tube,Low-Intensity,2.29,3.1726669664285247,-0.8826669664285247,38.54440901434605
SW-730,longitudinal,Non-Framed Tube,Low-Intensity,2.16,2.6333608173333567,-0.47336081733335655,21.91485265432206
SW-731,transverse,Non-Framed Tube,Low-Intensity,2.41,3.440862283985794,-1.030862283985794,42.77436863011593
SW-731,longitudinal,Non-Framed Tube,Low-Intensity,2.38,2.7520052243614384,-0.37200522436143846,15.630471611825145
SW-732,transverse,Non-Framed Tube,Low-Intensity,2.72,3.3616743677683054,-0.6416743677683052,23.590969403246515
SW-732,longitudinal,Non-Framed Tube,Low-Intensity,2.52,2.7628791961301573,-0.2428791961301573,9.638063338498306
SW-733,transverse,Non-Framed Tube,Low-Intensity,2.94,3.6767873877147568,-0.7367873877147568,25.060795500501932
SW-733,longitudinal,Non-Framed Tube,Low-Intensity,2.67,2.8054411982745275,-0.1354411982745276,5.072704055225754
SW-734,transverse,Non-Framed Tube,Low-Intensity,2.75,3.163483982754755,-0.4134839827547552,15.035781191082007
SW-734,longitudinal,Non-Framed Tube,Low-Intensity,2.3,2.745702425296647,-0.44570242529664705,19.378366317245526
SW-735,transverse,Non-Framed Tube,Low-Intensity,4.31,3.420742729887372,0.8892572701126276,-20.63241926015377
SW-735,longitudinal,Non-Framed Tube,Low-Intensity,3.73,3.3411033369632723,0.38889666303672765,-10.426183995622726
SW-736,transverse,Non-Framed Tube,Low-Intensity,3.47,3.494571709669114,-0.024571709669113595,0.7081184342684033
SW-736,longitudinal,Non-Framed Tube,Low-Intensity,3.12,2.9938879091458075,0.12611209085419262,-4.042054194044635
SW-737,transverse,Non-Framed Tube,Low-Intensity,3.43,3.4121707300576167,0.01782926994238343,-0.5198037884076802
SW-737,longitudinal,Non-Framed Tube,Low-Intensity,3.22,3.0132252694348702,0.20677473056512996,-6.4215754833891285
SW-738,transverse,Non-Framed Tube,Low-Intensity,3.79,3.368882526206671,0.4211174737933292,-11.11127899190842
SW-738,longitudinal,Non-Framed Tube,Low-Intensity,3.4,3.045514622492675,0.3544853775073249,-10.426040514921322
SW-739,transverse,Non-Framed Tube,Low-Intensity,2.76,3.351235385678481,-0.5912353856784813,21.42157194487251
SW-739,longitudinal,Non-Framed Tube,Low-Intensity,2.68,2.9089141106936416,-0.22891411069364143,8.541571294538858
SW-740,transverse,Non-Framed Tube,Low-Intensity,3.36,3.8030158022778546,-0.44301580227785475,13.184994115412346
SW-740,longitudinal,Non-Framed Tube,Low-Intensity,3.1,3.1178511468458034,-0.017851146845803356,0.5758434466388179
SW-741,transverse,Non-Framed Tube,Low-Intensity,3.08,3.5303264685608453,-0.45032646856084524,14.620989238988482
SW-741,longitudinal,Non-Framed Tube,Low-Intensity,2.83,3.0434839083966154,-0.21348390839661535,7.543601003413969
SW-742,transverse,Non-Framed Tube,Low-Intensity,2.71,3.9813927725016813,-1.2713927725016814,46.91486245393658
SW-742,longitudinal,Non-Framed Tube,Low-Intensity,2.63,3.0938165471303596,-0.4638165471303597,17.6356101570479
SW-743,transverse,Non-Framed Tube,Low-Intensity,3.16,3.5306321309414104,-0.37063213094141023,11.728864903209184
SW-743,longitudinal,Non-Framed Tube,Low-Intensity,3.01,3.4867597182187446,-0.47675971821874485,15.839193296303817
SW-744,transverse,Non-Framed Tube,Low-Intensity,3.22,3.8166378160377,-0.5966378160376999,18.5291247216677
SW-744,longitudinal,Non-Framed Tube,Low-Intensity,3.2,3.3721888385214647,-0.1721888385214645,5.380901203795765
SW-745,transverse,Non-Framed Tube,Low-Intensity,3.27,3.5098508421804584,-0.23985084218045838,7.334888140075179
SW-745,longitudinal,Non-Framed Tube,Low-Intensity,3.1,3.0284585262015993,0.07154147379840081,-2.307789477367768
SW-746,transverse,Non-Framed Tube,Low-Intensity,3.46,3.5329419661421717,-0.07294196614217174,2.1081493104673914
SW-746,longitudinal,Non-Framed Tube,Low-Intensity,3.24,3.1561213480588433,0.08387865194115696,-2.588847282134474
SW-747,transverse,Non-Framed Tube,Low-Intensity,3.2,3.5547519069629008,-0.3547519069629006,11.085997092590642
SW-747,longitudinal,Non-Framed Tube,Low-Intensity,2.93,3.1898242373280308,-0.2598242373280306,8.86772141051299
SW-748,transverse,Non-Framed Tube,Low-Intensity,2.87,3.9051101862316226,-1.0351101862316225,36.06655701155479
SW-748,longitudinal,Non-Framed Tube,Low-Intensity,2.7,3.471992604021802,-0.7719926040218019,28.592318667474142
SW-749,transverse,Non-Framed Tube,Low-Intensity,3.65,3.6748276488581753,-0.024827648858175344,0.6802095577582287
SW-749,longitudinal,Non-Framed Tube,Low-Intensity,2.62,3.234546564578427,-0.6145465645784269,23.455975747268205
SW-750,transverse,Non-Framed Tube,Low-Intensity,3.27,3.5560330901038855,-0.28603309010388545,8.74718929981301
SW-750,longitudinal,Non-Framed Tube,Low-Intensity,2.79,3.187818674379873,-0.39781867437987284,14.258733848740963
SW-751,transverse,Non-Framed Tube,Low-Intensity,3.84,3.8222845444505817,0.017715455549418113,-0.46133998826609673
SW-751,longitudinal,Non-Framed Tube,Low-Intensity,3.54,3.176749592163803,0.3632504078361971,-10.261310955824777
SW-752,transverse,Non-Framed Tube,Low-Intensity,3.17,3.5578183889052366,-0.3878183889052367,12.234018577452261
SW-752,longitudinal,Non-Framed Tube,Low-Intensity,2.44,3.320712763389632,-0.8807127633896319,36.09478538482098
SW-753,transverse,Non-Framed Tube,Low-Intensity,3.82,3.6480040175128736,0.17199598248712622,-4.502512630553043
SW-753,longitudinal,Non-Framed Tube,Low-Intensity,3.37,3.3070468149311725,0.06295318506882763,-1.8680470346833125
SW-754,transverse,Non-Framed Tube,Low-Intensity,4.49,3.672822660825907,0.8171773391740933,-18.19994073884395
SW-754,longitudinal,Non-Framed Tube,Low-Intensity,3.45,3.1550134934389287,0.2949865065610715,-8.55033352350932
SW-755,transverse,Non-Framed Tube,Low-Intensity,3.61,3.847104573960001,-0.23710457396000129,6.5679937385041915
SW-755,longitudinal,Non-Framed Tube,Low-Intensity,3.41,3.243402199738923,0.1665978002610773,-4.885565990060917
SW-756,transverse,Non-Framed Tube,Low-Intensity,2.92,3.753918929743674,-0.8339189297436742,28.558867456975147
SW-756,longitudinal,Non-Framed Tube,Low-Intensity,2.74,2.9907668284964997,-0.25076682849649945,9.152074032718957
SW-757,transverse,Non-Framed Tube,Low-Intensity,3.12,3.602215338027312,-0.482215338027312,15.455619808567691
SW-757,longitudinal,Non-Framed Tube,Low-Intensity,3.08,3.1857118579482475,-0.10571185794824745,3.432203180137904
SW-758,transverse,Non-Framed Tube,Low-Intensity,3.94,4.139593809819629,-0.19959380981962882,5.065832736538802
SW-758,longitudinal,Non-Framed Tube,Low-Intensity,3.47,3.2852525507032966,0.18474744929670361,-5.324133985495781
SW-759,transverse,Non-Framed Tube,Low-Intensity,4.35,3.6950750370936847,0.654924962906315,-15.05574627370839
SW-759,longitudinal,Non-Framed Tube,Low-Intensity,3.44,3.2499190381664933,0.19008096183350665,-5.5256093556251935
SW-760,transverse,Non-Framed Tube,Low-Intensity,3.58,4.244526616700123,-0.6645266167001234,18.56219599721015
SW-760,longitudinal,Non-Framed Tube,Low-Intensity,3.42,3.1015659045687034,0.3184340954312965,-9.310938462903408
SW-761,transverse,Non-Framed Tube,Low-Intensity,3.52,3.746415200459308,-0.22641520045930807,6.432250013048525
SW-761,longitudinal,Non-Framed Tube,Low-Intensity,2.96,3.5627636524929605,-0.6027636524929605,20.363636908545963
SW-762,transverse,Non-Framed Tube,Low-Intensity,3.44,3.797800915397101,-0.3578009153971009,10.401189401078515
SW-762,longitudinal,Non-Framed Tube,Low-Intensity,3.2,3.3849846233262055,-0.18498462332620536,5.780769478943917
SW-763,transverse,Non-Framed Tube,Low-Intensity,3.59,3.6943038191307473,-0.10430381913074749,2.9053988615807103
SW-763,longitudinal,Non-Framed Tube,Low-Intensity,3.51,3.270619159428701,0.23938084057129894,-6.819966967843275
SW-764,transverse,Non-Framed Tube,Low-Intensity,4.06,3.7676051811052855,0.2923948188947141,-7.201842829919066
SW-764,longitudinal,Non-Framed Tube,Low-Intensity,3.76,3.420782119341092,0.3392178806589077,-9.021752145183715
SW-765,transverse,Non-Framed Tube,Low-Intensity,3.64,3.794140234860064,-0.15414023486006379,4.234621836814939
SW-765,longitudinal,Non-Framed Tube,Low-Intensity,2.78,3.406408576638397,-0.6264085766383971,22.532682612891985
SW-766,transverse,Non-Framed Tube,Low-Intensity,3.04,3.875013088767664,-0.8350130887676639,27.467535814725785
SW-766,longitudinal,Non-Framed Tube,Low-Intensity,2.73,3.4137257444450815,-0.6837257444450815,25.044899063922397
SW-767,transverse,Non-Framed Tube,Low-Intensity,3.35,3.905528772348391,-0.5555287723483908,16.58294842831017
SW-767,longitudinal,Non-Framed Tube,Low-Intensity,2.83,3.4880066806425947,-0.6580066806425946,23.251119457335495
SW-768,transverse,Non-Framed Tube,Low-Intensity,3.99,4.044119540172398,-0.05411954017239751,1.3563794529422932
SW-768,longitudinal,Non-Framed Tube,Low-Intensity,3.87,3.442296472292923,0.4277035277070773,-11.051770741784944
SW-769,transverse,Non-Framed Tube,Low-Intensity,3.77,3.889590303661575,-0.11959030366157508,3.1721565957977473
SW-769,longitudinal,Non-Framed Tube,Low-Intensity,3.7,3.6217916810081796,0.07820831899182057,-2.1137383511302854
SW-770,transverse,Non-Framed Tube,Low-Intensity,4.01,3.913452820861953,0.09654717913804678,-2.4076603276320894
SW-770,longitudinal,Non-Framed Tube,Low-Intensity,3.33,3.3490816968173887,-0.019081696817388583,0.5730239284501075
SW-771,transverse,Non-Framed Tube,Low-Intensity,3.54,3.859823605626524,-0.319823605626524,9.03456513069277
SW-771,longitudinal,Non-Framed Tube,Low-Intensity,3.41,3.7426403880417,-0.3326403880416997,9.754850089199405
SW-772,transverse,Non-Framed Tube,Low-Intensity,3.33,3.8100354536827346,-0.4800354536827345,14.415479089571607
SW-772,longitudinal,Non-Framed Tube,Low-Intensity,2.98,3.452653954560789,-0.47265395456078885,15.860870958415733
SW-773,transverse,Non-Framed Tube,Low-Intensity,4.4,3.833555978097246,0.5664440219027544,-12.873727770517146
SW-773,longitudinal,Non-Framed Tube,Low-Intensity,3.51,3.3068678844813633,0.20313211551863652,-5.787239758365713
SW-774,transverse,Non-Framed Tube,Low-Intensity,2.94,4.236916934081368,-1.2969169340813678,44.11282088712136
SW-774,longitudinal,Non-Framed Tube,Low-Intensity,2.83,3.4362201295263564,-0.6062201295263563,21.42120599033061
SW-775,transverse,Non-Framed Tube,Low-Intensity,3.83,3.9571702216640414,-0.12717022166404135,3.320371322820923
SW-775,longitudinal,Non-Framed Tube,Low-Intensity,3.51,3.5346815795620885,-0.024681579562088718,0.7031789049028125
SW-776,transverse,Non-Framed Tube,Low-Intensity,4.04,3.930430134997741,0.10956986500225918,-2.712125371343049
SW-776,longitudinal,Non-Framed Tube,Low-Intensity,3.43,3.481703579305759,-0.05170357930575875,1.5073929826751822
SW-777,transverse,Non-Framed Tube,Low-Intensity,4.07,3.985040372463086,0.08495962753691444,-2.087460136042124
SW-777,longitudinal,Non-Framed Tube,Low-Intensity,3.6,3.377756489688991,0.2222435103110092,-6.173430841972477
SW-778,transverse,Non-Framed Tube,Low-Intensity,3.33,4.125214765792988,-0.7952147657929878,23.88032329708672
SW-778,longitudinal,Non-Framed Tube,Low-Intensity,3.08,3.549599801388014,-0.4695998013880138,15.246746798312138
SW-779,transverse,Non-Framed Tube,Low-Intensity,3.68,4.219405016601292,-0.5394050166012918,14.657745016339451
SW-779,longitudinal,Non-Framed Tube,Low-Intensity,3.48,3.9021233942831626,-0.4221233942831626,12.129982594343751
SW-780,transverse,Non-Framed Tube,Low-Intensity,3.63,4.0804904412645975,-0.4504904412645976,12.410204993515086
SW-780,longitudinal,Non-Framed Tube,Low-Intensity,2.89,4.024572174159363,-1.1345721741593633,39.25855273907831
SW-781,transverse,Non-Framed Tube,Low-Intensity,3.75,3.925077061308358,-0.17507706130835787,4.668721634889542
SW-781,longitudinal,Non-Framed Tube,Low-Intensity,2.94,3.5782050074539087,-0.6382050074539087,21.7076533147588
SW-782,transverse,Non-Framed Tube,Low-Intensity,3.2,4.048107683949769,-0.8481076839497685,26.503365123430267
SW-782,longitudinal,Non-Framed Tube,Low-Intensity,2.89,3.9961916862589475,-1.1061916862589474,38.276528936295755
SW-783,transverse,Non-Framed Tube,Low-Intensity,3.67,3.948029189824476,-0.2780291898244762,7.5757272431737395
SW-783,longitudinal,Non-Framed Tube,Low-Intensity,3.38,3.863501119630552,-0.4835011196305521,14.304766852974915
SW-784,transverse,Non-Framed Tube,Low-Intensity,4.71,4.617107297748356,0.09289270225164437,-1.972244209164424
SW-784,longitudinal,Non-Framed Tube,Low-Intensity,4.11,3.606794725867643,0.5032052741323572,-12.243437326821342
SW-785,transverse,Non-Framed Tube,Low-Intensity,3.82,4.099344002083109,-0.2793440020831093,7.312670211599719
SW-785,longitudinal,Non-Framed Tube,Low-Intensity,3.58,3.6910909611812444,-0.11109096118124429,3.1030994743364326
SW-786,transverse,Non-Framed Tube,Low-Intensity,4.04,4.099344002083109,-0.05934400208310908,1.4689109426512148
SW-786,longitudinal,Non-Framed Tube,Low-Intensity,3.43,3.647483156917075,-0.21748315691707498,6.340616819739795
SW-787,transverse,Non-Framed Tube,Low-Intensity,4.34,4.068410534992089,0.2715894650079109,-6.257821774375828
SW-787,longitudinal,Non-Framed Tube,Low-Intensity,3.48,3.627643250294623,-0.14764325029462322,4.242622134902966
SW-788,transverse,Non-Framed Tube,Low-Intensity,3.55,4.042659031448005,-0.4926590314480048,13.877719195718447
SW-788,longitudinal,Non-Framed Tube,Low-Intensity,3.31,3.627643250294623,-0.31764325029462315,9.596472818568675
SW-789,transverse,Non-Framed Tube,Low-Intensity,3.71,4.04094669329987,-0.3309466932998699,8.920396045818597
SW-789,longitudinal,Non-Framed Tube,Low-Intensity,3.21,3.7337625329868076,-0.5237625329868076,16.316589812673136
SW-790,transverse,Non-Framed Tube,Low-Intensity,3.07,4.26251439764443,-1.19251439764443,38.84411718711498
SW-790,longitudinal,Non-Framed Tube,Low-Intensity,3.01,4.039845396434333,-1.0298453964343333,34.21413277190476
SW-791,transverse,Non-Framed Tube,Low-Intensity,4.02,4.13855554421609,-0.1185555442160906,2.949142890947528
SW-791,longitudinal,Non-Framed Tube,Low-Intensity,3.74,3.8586073904608704,-0.11860739046087021,3.171320600558027
SW-792,transverse,Non-Framed Tube,Low-Intensity,3.62,4.11022006518501,-0.49022006518501016,13.54199075096713
SW-792,longitudinal,Non-Framed Tube,Low-Intensity,3.46,3.846062139340358,-0.3860621393403578,11.157865298854272
SW-793,transverse,Non-Framed Tube,Low-Intensity,4.35,4.335170893058824,0.014829106941175674,-0.34089901014196955
SW-793,longitudinal,Non-Framed Tube,Low-Intensity,3.54,3.705321705935047,-0.16532170593504691,4.670104687430704
SW-794,transverse,Non-Framed Tube,Low-Intensity,3.67,4.2128562524826085,-0.5428562524826086,14.791723500888518
SW-794,longitudinal,Non-Framed Tube,Low-Intensity,3.57,4.039806344233453,-0.469806344233453,13.159841575166752
SW-795,transverse,Non-Framed Tube,Low-Intensity,3.7,4.265213412572021,-0.565213412572021,15.276038177622187
SW-795,longitudinal,Non-Framed Tube,Low-Intensity,3.7,4.131660064535113,-0.4316600645351132,11.666488230678734
SW-796,transverse,Non-Framed Tube,Low-Intensity,3.6,4.2889090426418655,-0.6889090426418654,19.13636229560737
SW-796,longitudinal,Non-Framed Tube,Low-Intensity,3.44,3.9639917730275664,-0.5239917730275665,15.232318983359491
SW-797,transverse,Non-Framed Tube,Low-Intensity,3.3,4.454348446831758,-1.154348446831758,34.980255964598726
SW-797,longitudinal,Non-Framed Tube,Low-Intensity,3.06,3.8777355495066024,-0.8177355495066023,26.723383970803994
SW-798,transverse,Non-Framed Tube,Low-Intensity,3.55,4.1534179916072524,-0.6034179916072526,16.997689904429652
SW-798,longitudinal,Non-Framed Tube,Low-Intensity,3.11,3.808381937757961,-0.698381937757961,22.4560108603846
SW-799,transverse,Non-Framed Tube,Low-Intensity,3.62,4.407827388473218,-0.7878273884732181,21.763187526884476
SW-799,longitudinal,Non-Framed Tube,Low-Intensity,3.29,4.31260467271171,-1.0226046727117097,31.082208897012453
SW-800,transverse,Non-Framed Tube,Low-Intensity,4.0,4.2788455626640935,-0.27884556266409355,6.971139066602339
SW-800,longitudinal,Non-Framed Tube,Low-Intensity,3.4,3.7881221909838745,-0.38812219098387457,11.415358558349253
SW-801,transverse,Non-Framed Tube,Low-Intensity,3.79,4.221880925534845,-0.4318809255348448,11.395275080075061
SW-801,longitudinal,Non-Framed Tube,Low-Intensity,3.67,4.131489636599145,-0.4614896365991452,12.574649498614312
SW-802,transverse,Non-Framed Tube,Low-Intensity,3.67,4.433495800649,-0.7634958006490002,20.803700290163494
SW-802,longitudinal,Non-Framed Tube,Low-Intensity,3.15,4.204897350393883,-1.0548973503938828,33.488804774408976
SW-803,transverse,Non-Framed Tube,Low-Intensity,4.17,4.433495800649,-0.26349580064900024,6.318844140263795
SW-803,longitudinal,Non-Framed Tube,Low-Intensity,3.82,4.063825528598329,-0.2438255285983293,6.38286724079396
SW-804,transverse,Non-Framed Tube,Low-Intensity,3.88,4.430057735862649,-0.5500577358626488,14.176745769655897
SW-804,longitudinal,Non-Framed Tube,Low-Intensity,3.06,4.084991286559779,-1.024991286559779,33.49644727319539
SW-805,transverse,Non-Framed Tube,Low-Intensity,4.21,4.589424409129099,-0.3794244091290988,9.012456273850328
SW-805,longitudinal,Non-Framed Tube,Low-Intensity,4.0,4.2907441001757425,-0.2907441001757425,7.268602504393562
SW-806,transverse,Non-Framed Tube,Low-Intensity,3.89,4.475965069913039,-0.5859650699130392,15.063369406504863
SW-806,longitudinal,Non-Framed Tube,Low-Intensity,3.8,4.160478251042443,-0.36047825104244335,9.486269764274827
SW-807,transverse,Non-Framed Tube,Low-Intensity,3.93,4.553799828527637,-0.6237998285276372,15.872769173731225
SW-807,longitudinal,Non-Framed Tube,Low-Intensity,3.19,4.19909484918947,-1.0090948491894705,31.633067372710673
SW-808,transverse,Non-Framed Tube,Low-Intensity,5.11,4.857501410608311,0.25249858939168934,-4.941263980267893
SW-808,longitudinal,Non-Framed Tube,Low-Intensity,4.59,4.1488563609691385,0.4411436390308614,-9.610972527905478
SW-809,transverse,Non-Framed Tube,Low-Intensity,3.49,4.715430383899068,-1.2254303838990674,35.11261844983001
SW-809,longitudinal,Non-Framed Tube,Low-Intensity,3.44,4.228700589216783,-0.7887005892167829,22.927342709790203
SW-810,transverse,Non-Framed Tube,High-Intensity,1.86,1.774630895884544,0.08536910411545606,-4.589736780400863
SW-810,longitudinal,Non-Framed Tube,High-Intensity,1.52,1.6257048395190767,-0.10570483951907672,6.954265757833995
SW-811,transverse,Non-Framed Tube,High-Intensity,1.9,1.7257126003768253,0.17428739962317463,-9.173021032798665
SW-811,longitudinal,Non-Framed Tube,High-Intensity,1.52,1.56083616066155,-0.040836160661549936,2.6865895172072327
SW-812,transverse,Non-Framed Tube,High-Intensity,1.87,1.9584856724818804,-0.08848567248188033,4.73185414341606
SW-812,longitudinal,Non-Framed Tube,High-Intensity,1.62,1.6255722664229846,-0.005572266422984473,0.34396706314718967
SW-813,transverse,Non-Framed Tube,High-Intensity,2.53,2.4178835462739263,0.11211645372607348,-4.431480384429782
SW-813,longitudinal,Non-Framed Tube,High-Intensity,2.19,1.9409356140902965,0.24906438590970348,-11.3728030095755
SW-814,transverse,Non-Framed Tube,High-Intensity,2.75,2.2817733221084997,0.4682266778915003,-17.02642465060001
SW-814,longitudinal,Non-Framed Tube,High-Intensity,2.25,2.1609893957632784,0.08901060423672158,-3.9560268549654034
SW-815,transverse,Non-Framed Tube,Low-Intensity,2.05,2.2202775745871537,-0.17027757458715387,8.30622315059287
SW-815,longitudinal,Non-Framed Tube,Low-Intensity,2.04,1.808922489538004,0.23107751046199598,-11.32732894421549
SW-816,transverse,Non-Framed Tube,Low-Intensity,2.79,2.429042193865395,0.3609578061346048,-12.937555775433864
SW-816,longitudinal,Non-Framed Tube,Low-Intensity,2.5,2.155299343912843,0.34470065608715705,-13.788026243486282
SW-817,transverse,Non-Framed Tube,Low-Intensity,3.98,3.649874226347203,0.33012577365279716,-8.29461742846224
SW-817,longitudinal,Non-Framed Tube,Low-Intensity,3.34,2.9706144740346807,0.36938552596531915,-11.059446885189196
SW-818,transverse,Non-Framed Tube,Low-Intensity,3.71,3.867189310289855,-0.15718931028985494,4.236908633149729
SW-818,longitudinal,Non-Framed Tube,Low-Intensity,3.43,3.1671185531176653,0.26288144688233483,-7.664182124849412
FSW-1,transverse,Non-Framed Tube,Low-Intensity,3.81,2.6560384955427963,1.1539615044572038,-30.287703529060465
FSW-1,longitudinal,Non-Framed Tube,Low-Intensity,3.19,2.44064989719399,0.7493501028060101,-23.490598834044203
FSW-2,transverse,Non-Framed Tube,Low-Intensity,3.31,2.5429773395037794,0.7670226604962207,-23.17289004520304
FSW-2,longitudinal,Non-Framed Tube,Low-Intensity,2.79,2.3962026874657227,0.3937973125342773,-14.114599015565494
FSW-3,transverse,Non-Framed Tube,Low-Intensity,4.31,3.4218762672569096,0.88812373274309,-20.60611908916682
FSW-3,longitudinal,Non-Framed Tube,Low-Intensity,3.91,2.8759453781840625,1.0340546218159377,-26.446409765113494
FSW-4,transverse,Non-Framed Tube,Low-Intensity,3.62,3.2491344702756533,0.37086552972434683,-10.24490413603168
FSW-4,longitudinal,Non-Framed Tube,Low-Intensity,3.58,2.909481619175906,0.670518380824094,-18.729563710170225
FSW-5,transverse,Non-Framed Tube,Low-Intensity,4.7,3.4296419408465235,1.2703580591534767,-27.028894875605886
FSW-5,longitudinal,Non-Framed Tube,Low-Intensity,3.62,2.9406458902914165,0.6793541097085836,-18.766688113496784
FSW-6,transverse,Non-Framed Tube,Low-Intensity,5.1,3.691448989087092,1.4085510109129076,-27.61864727280211
FSW-6,longitudinal,Non-Framed Tube,Low-Intensity,4.55,3.579377580056664,0.9706224199433358,-21.332360877875512
FSW-7,transverse,Non-Framed Tube,Low-Intensity,4.91,4.441105701988904,0.4688942980110964,-9.549782036885874
FSW-7,longitudinal,Non-Framed Tube,Low-Intensity,3.99,3.759633776658552,0.23036622334144807,-5.773589557429776
FSW-8,transverse,Non-Framed Tube,Low-Intensity,5.18,5.157356302024846,0.022643697975153643,-0.43713702654736764
FSW-8,longitudinal,Non-Framed Tube,Low-Intensity,3.8,4.284790662438235,-0.4847906624382352,12.757649011532507
FSW-9,transverse,Non-Framed Tube,Low-Intensity,1.58,2.318064221788163,-0.738064221788163,46.71292542963057
FSW-9,longitudinal,Non-Framed Tube,Low-Intensity,1.5,1.8130297970217757,-0.3130297970217757,20.868653134785045
FSW-10,transverse,Non-Framed Tube,Low-Intensity,1.95,2.128542128644934,-0.17854212864493424,9.156006597176114
FSW-10,longitudinal,Non-Framed Tube,Low-Intensity,1.56,2.091821093816019,-0.5318210938160188,34.0910957574371
FSW-11,transverse,Non-Framed Tube,Low-Intensity,3.35,2.510185312579223,0.8398146874207773,-25.069095146888873
FSW-11,longitudinal,Non-Framed Tube,Low-Intensity,2.99,2.4006219986213746,0.5893780013786256,-19.7116388420945
FSW-12,transverse,Non-Framed Tube,Low-Intensity,3.13,2.53479497250647,0.5952050274935301,-19.01613506369106
FSW-12,longitudinal,Non-Framed Tube,Low-Intensity,2.58,2.494539675894184,0.08546032410581628,-3.3124156630161345
FSW-13,transverse,Non-Framed Tube,Low-Intensity,3.09,2.53479497250647,0.5552050274935301,-17.967800242509064
FSW-13,longitudinal,Non-Framed Tube,Low-Intensity,2.56,2.494539675894184,0.06546032410581626,-2.5570439103834475
FSW-14,transverse,Non-Framed Tube,Low-Intensity,4.37,3.2453234618429185,1.1246765381570816,-25.736305220985848
FSW-14,longitudinal,Non-Framed Tube,Low-Intensity,3.7,2.7275600523923638,0.9724399476076364,-26.282160746152336
FSW-15,transverse,Non-Framed Tube,Low-Intensity,4.47,3.221439822050998,1.2485601779490016,-27.931995032416147
FSW-15,longitudinal,Non-Framed Tube,Low-Intensity,3.24,2.943005636792189,0.29699436320781114,-9.166492691599109
FSW-16,transverse,Non-Framed Tube,Low-Intensity,3.77,3.810105961328572,-0.040105961328571915,1.0638186028798917
FSW-16,longitudinal,Non-Framed Tube,Low-Intensity,3.69,3.293692579708394,0.39630742029160615,-10.74003849028743
FSW-17,transverse,Non-Framed Tube,Low-Intensity,2.84,3.514975895113552,-0.674975895113552,23.766756870195493
FSW-17,longitudinal,Non-Framed Tube,Low-Intensity,2.63,3.4612869102353327,-0.8312869102353329,31.60786730932825
FSW-18,transverse,Non-Framed Tube,Low-Intensity,4.27,3.48325762026715,0.7867423797328494,-18.424880087420362
FSW-18,longitudinal,Non-Framed Tube,Low-Intensity,4.0,3.394395222371891,0.605604777628109,-15.140119440702726
FSW-19,transverse,Non-Framed Tube,Low-Intensity,3.5,3.6733643673940657,-0.1733643673940657,4.9532676398304485
FSW-19,longitudinal,Non-Framed Tube,Low-Intensity,3.44,3.2264061795943997,0.21359382040560027,-6.2091226862093105
FSW-20,transverse,Non-Framed Tube,Low-Intensity,3.82,3.857936500226497,-0.037936500226497305,0.9931021001700866
FSW-20,longitudinal,Non-Framed Tube,Low-Intensity,3.32,3.6126141144222617,-0.2926141144222618,8.81367814524885
FSW-21,transverse,Non-Framed Tube,Low-Intensity,3.51,4.007759612054673,-0.497759612054673,14.181185528623162
FSW-21,longitudinal,Non-Framed Tube,Low-Intensity,3.03,3.328877069061824,-0.2988770690618243,9.863929672007403
FSW-22,transverse,Non-Framed Tube,Low-Intensity,3.63,4.0404064698318045,-0.4104064698318046,11.305963356248062
FSW-22,longitudinal,Non-Framed Tube,Low-Intensity,3.59,3.6480040175128736,-0.05800401751287376,1.615710794230467
FSW-23,transverse,Non-Framed Tube,Low-Intensity,4.24,4.339940631642911,-0.09994063164291056,2.3570903689365696
FSW-23,longitudinal,Non-Framed Tube,Low-Intensity,3.87,3.4838507205917115,0.3861492794082886,-9.97801755576973
FSW-24,transverse,Non-Framed Tube,Low-Intensity,5.16,4.244526616700123,0.9154733832998767,-17.741732234493732
FSW-24,longitudinal,Non-Framed Tube,Low-Intensity,4.46,3.506183097005761,0.9538169029942392,-21.38602921511747
FSW-25,transverse,Non-Framed Tube,Low-Intensity,3.84,4.074311478599629,-0.2343114785996292,6.101861421865344
FSW-25,longitudinal,Non-Framed Tube,Low-Intensity,2.76,3.6266793899808216,-0.8666793899808218,31.401427173218185
FSW-26,transverse,Non-Framed Tube,Low-Intensity,4.09,3.9375455883595647,0.15245441164043516,-3.727491727150004
FSW-26,longitudinal,Non-Framed Tube,Low-Intensity,2.93,3.694579833874166,-0.7645798338741661,26.0948748762514
FSW-27,transverse,Non-Framed Tube,Low-Intensity,4.28,4.320491204410407,-0.0404912044104071,0.9460561778132499
FSW-27,longitudinal,Non-Framed Tube,Low-Intensity,4.07,3.7463391591765847,0.3236608408234156,-7.952354811386131
FSW-28,transverse,Non-Framed Tube,Low-Intensity,4.8,4.152650096865672,0.6473499031343275,-13.48645631529849
FSW-28,longitudinal,Non-Framed Tube,Low-Intensity,3.84,4.088402879174878,-0.24840287917487824,6.468824978512455
FSW-29,transverse,Non-Framed Tube,Low-Intensity,5.4,4.933209404035906,0.46679059596409456,-8.644270295631381
FSW-29,longitudinal,Non-Framed Tube,Low-Intensity,5.05,4.63649542870991,0.41350457129008955,-8.188209332477022
FSW-30,transverse,Non-Framed Tube,Low-Intensity,4.09,4.897322325522208,-0.8073223255222084,19.738932164357173
FSW-30,longitudinal,Non-Framed Tube,Low-Intensity,3.37,4.7486409228751745,-1.3786409228751744,40.9092261980764
FSW-31,transverse,Non-Framed Tube,Low-Intensity,1.93,2.0015834958285503,-0.07158349582855039,3.7089894211684142
FSW-31,longitudinal,Non-Framed Tube,Low-Intensity,1.65,1.5822121286239546,0.06778787137604536,-4.108355840972447
FSW-32,transverse,Non-Framed Tube,Low-Intensity,2.67,2.489774592372099,0.18022540762790085,-6.7500152669625795
FSW-32,longitudinal,Non-Framed Tube,Low-Intensity,2.6,2.0442456013157515,0.5557543986842486,-21.375169180163407
FSW-33,transverse,Non-Framed Tube,Low-Intensity,2.53,2.535432417473368,-0.005432417473368201,0.21472005823589727
FSW-33,longitudinal,Non-Framed Tube,Low-Intensity,2.53,2.2473797559083875,0.28262024409161235,-11.17076063603211
FSW-34,transverse,Non-Framed Tube,Low-Intensity,3.25,2.7053832165267107,0.5446167834732893,-16.757439491485826
FSW-34,longitudinal,Non-Framed Tube,Low-Intensity,2.64,2.2724891625408845,0.3675108374591156,-13.920865055269529
FSW-35,transverse,Non-Framed Tube,Low-Intensity,2.33,2.73020324603613,-0.40020324603613,17.176104980091417
FSW-35,longitudinal,Non-Framed Tube,Low-Intensity,2.03,2.3469364493059937,-0.31693644930599385,15.612632970738614
FSW-36,transverse,Non-Framed Tube,Low-Intensity,3.42,2.630214937752746,0.7897850622472538,-23.0931304750659
FSW-36,longitudinal,Non-Framed Tube,Low-Intensity,2.93,2.2115716868972206,0.7184283131027795,-24.51973764855903
FSW-37,transverse,Non-Framed Tube,Low-Intensity,2.34,2.935213538670827,-0.5952135386708273,25.436476011573816
FSW-37,longitudinal,Non-Framed Tube,Low-Intensity,2.23,2.424627532054703,-0.19462753205470307,8.727692020390272
FSW-38,transverse,Non-Framed Tube,Low-Intensity,4.74,3.7184940580816015,1.0215059419183987,-21.550758268320646
FSW-38,longitudinal,Non-Framed Tube,Low-Intensity,3.98,3.353419644477529,0.6265803555224712,-15.743225013127416
FSW-39,transverse,Non-Framed Tube,Low-Intensity,4.53,4.10080521096581,0.42919478903418984,-9.474498654176376
FSW-39,longitudinal,Non-Framed Tube,Low-Intensity,3.59,3.542064568566871,0.04793543143312906,-1.3352487864381355
FSW-40,transverse,Non-Framed Tube,Low-Intensity,4.84,4.683566448290721,0.15643355170927897,-3.232098175811549
FSW-40,longitudinal,Non-Framed Tube,Low-Intensity,3.55,4.050630227060301,-0.5006302270603014,14.102259917191589
FSW-41,transverse,Non-Framed Tube,Low-Intensity,2.0,1.9527643861741955,0.047235613825804545,-2.3617806912902273
FSW-41,longitudinal,Non-Framed Tube,Low-Intensity,1.74,1.5182430903070274,0.22175690969297257,-12.744649982354746
FSW-42,transverse,Non-Framed Tube,Low-Intensity,1.8,1.9229371723529627,-0.12293717235296264,6.829842908497924
FSW-42,longitudinal,Non-Framed Tube,Low-Intensity,1.57,1.555317029359345,0.014682970640655046,-0.9352210599143341
FSW-43,transverse,Non-Framed Tube,Low-Intensity,1.89,1.8819274801568298,0.008072519843170145,-0.4271174520195844
FSW-43,longitudinal,Non-Framed Tube,Low-Intensity,1.77,1.6138496093574313,0.15615039064256875,-8.822055968506708
FSW-44,transverse,Non-Framed Tube,Low-Intensity,1.99,2.118458467040684,-0.12845846704068387,6.455199348778083
FSW-44,longitudinal,Non-Framed Tube,Low-Intensity,1.72,1.6095354069157053,0.11046459308429468,-6.422360063040389
FSW-45,transverse,Non-Framed Tube,Low-Intensity,1.95,2.243921714561212,-0.29392171456121186,15.072908439036507
FSW-45,longitudinal,Non-Framed Tube,Low-Intensity,1.71,1.835139916497651,-0.125139916497651,7.318123771792456
FSW-46,transverse,Non-Framed Tube,Low-Intensity,1.75,1.9950473163161986,-0.24504731631619858,14.002703789497062
FSW-46,longitudinal,Non-Framed Tube,Low-Intensity,1.57,1.6136414179603205,-0.043641417960320394,2.7797081503388785
FSW-47,transverse,Non-Framed Tube,Low-Intensity,2.36,2.0911941749338467,0.26880582506615314,-11.390077333311574
FSW-47,longitudinal,Non-Framed Tube,Low-Intensity,1.73,1.8638839381606322,-0.13388393816063227,7.7389559630423275
FSW-48,transverse,Non-Framed Tube,Low-Intensity,2.42,2.1724503796187924,0.24754962038120754,-10.229323156248245
FSW-48,longitudinal,Non-Framed Tube,Low-Intensity,1.8,1.9583396149520056,-0.15833961495200555,8.79664527511142
FSW-49,transverse,Non-Framed Tube,Low-Intensity,2.18,2.19685993444597,-0.01685993444596967,0.7733914883472326
FSW-49,longitudinal,Non-Framed Tube,Low-Intensity,1.74,1.8903194208575225,-0.15031942085752248,8.639047175719684
FSW-50,transverse,Non-Framed Tube,Low-Intensity,1.93,2.101292280515932,-0.17129228051593226,8.875247695126024
FSW-50,longitudinal,Non-Framed Tube,Low-Intensity,1.9,1.9260839744919165,-0.026083974491916573,1.3728407627324513
FSW-51,transverse,Non-Framed Tube,Low-Intensity,2.29,2.4602033256032567,-0.17020332560325668,7.432459633329987
FSW-51,longitudinal,Non-Framed Tube,Low-Intensity,1.96,1.9838037996154756,-0.02380379961547563,1.2144795722181443
FSW-52,transverse,Non-Framed Tube,Low-Intensity,2.34,2.5217967513829396,-0.18179675138293971,7.76909193944187
FSW-52,longitudinal,Non-Framed Tube,Low-Intensity,2.02,2.1652669007173184,-0.1452669007173184,7.191430728580119
FSW-53,transverse,Non-Framed Tube,Low-Intensity,1.95,2.308262744376001,-0.3582627443760009,18.372448429538508
FSW-53,longitudinal,Non-Framed Tube,Low-Intensity,1.82,1.7730913822909533,0.04690861770904675,-2.577396577420151
FSW-54,transverse,Non-Framed Tube,Low-Intensity,2.28,2.3250078532605984,-0.04500785326059864,1.9740286517806422
FSW-54,longitudinal,Non-Framed Tube,Low-Intensity,1.48,2.2167479003245,-0.7367479003245001,49.7802635354392
FSW-55,transverse,Non-Framed Tube,Low-Intensity,2.0,2.230432569074761,-0.23043256907476106,11.521628453738053
FSW-55,longitudinal,Non-Framed Tube,Low-Intensity,1.83,1.8616313140229848,-0.03163131402298469,1.7284871050811306
FSW-56,transverse,Non-Framed Tube,Low-Intensity,2.29,2.552359598844198,-0.2623595988441978,11.456751041231344
FSW-56,longitudinal,Non-Framed Tube,Low-Intensity,2.2,2.062824410495976,0.1371755895040243,-6.235254068364741
FSW-57,transverse,Non-Framed Tube,Low-Intensity,2.74,2.823315928178726,-0.08331592817872568,3.040727305792908
FSW-57,longitudinal,Non-Framed Tube,Low-Intensity,2.61,2.3783857680564946,0.23161423194350528,-8.874108503582578
FSW-58,transverse,Non-Framed Tube,Low-Intensity,2.19,2.5591280475432123,-0.3691280475432124,16.85516198827454
FSW-58,longitudinal,Non-Framed Tube,Low-Intensity,2.09,2.0996779896351154,-0.00967798963511557,0.4630617050294531
FSW-59,transverse,Non-Framed Tube,Low-Intensity,2.56,2.7565483667517334,-0.19654836675173337,7.677670576239584
FSW-59,longitudinal,Non-Framed Tube,Low-Intensity,2.05,2.411896652717339,-0.36189665271733906,17.653495254504346
FSW-60,transverse,Non-Framed Tube,Low-Intensity,2.38,2.582823677613057,-0.2028236776130572,8.522003261052825
FSW-60,longitudinal,Non-Framed Tube,Low-Intensity,2.0,2.2563132175805594,-0.25631321758055936,12.815660879027968
FSW-61,transverse,Non-Framed Tube,Low-Intensity,2.58,3.015191767957863,-0.43519176795786274,16.867897982862896
FSW-61,longitudinal,Non-Framed Tube,Low-Intensity,2.53,2.2850880569497543,0.24491194305024555,-9.680313954555162
FSW-62,transverse,Non-Framed Tube,Low-Intensity,2.47,2.7796256032892668,-0.3096256032892666,12.535449525881237
FSW-62,longitudinal,Non-Framed Tube,Low-Intensity,2.19,2.4542232618221598,-0.2642232618221598,12.064989124299537
FSW-63,transverse,Non-Framed Tube,Low-Intensity,2.72,2.8793302114879316,-0.15933021148793136,5.8577283635268875
FSW-63,longitudinal,Non-Framed Tube,Low-Intensity,2.31,2.5744464601054453,-0.26444646010544526,11.44789870586343
FSW-64,transverse,Non-Framed Tube,Low-Intensity,2.94,3.0373079226245956,-0.09730792262459564,3.3097932865508723
FSW-64,longitudinal,Non-Framed Tube,Low-Intensity,2.32,2.5602080012678616,-0.2402080012678618,10.35379315809749
FSW-65,transverse,Non-Framed Tube,Low-Intensity,2.54,3.1019894832902235,-0.5619894832902235,22.125570208276514
FSW-65,longitudinal,Non-Framed Tube,Low-Intensity,2.35,2.4809744068106907,-0.1309744068106906,5.573379013220877
FSW-66,transverse,Non-Framed Tube,Low-Intensity,2.65,3.0330896551292983,-0.3830896551292984,14.4562134011056
FSW-66,longitudinal,Non-Framed Tube,Low-Intensity,2.61,2.5110210578623917,0.09897894213760816,-3.792296633624834
FSW-67,transverse,Non-Framed Tube,Low-Intensity,2.91,3.105167340611433,-0.19516734061143293,6.706781464310409
FSW-67,longitudinal,Non-Framed Tube,Low-Intensity,2.59,2.7156628721293825,-0.12566287212938265,4.851848344763809
FSW-68,transverse,Non-Framed Tube,Low-Intensity,2.79,3.2238654504693938,-0.43386545046939373,15.550732991734543
FSW-68,longitudinal,Non-Framed Tube,Low-Intensity,2.44,2.711715885349112,-0.2717158853491122,11.135896940537384
FSW-69,transverse,Non-Framed Tube,Low-Intensity,2.74,3.3691146704743407,-0.6291146704743404,22.960389433370086
FSW-69,longitudinal,Non-Framed Tube,Low-Intensity,2.7,2.8776055115301404,-0.17760551153014026,6.5779819085237135
FSW-70,transverse,Non-Framed Tube,Low-Intensity,3.48,3.5762565196432345,-0.09625651964323456,2.765991943771108
FSW-70,longitudinal,Non-Framed Tube,Low-Intensity,2.93,3.133143745338735,-0.20314374533873503,6.933233629308363
FSW-71,transverse,Non-Framed Tube,Low-Intensity,3.11,3.54513083804597,-0.43513083804596997,13.991345274790032
FSW-71,longitudinal,Non-Framed Tube,Low-Intensity,3.03,2.8899662318265453,0.14003376817345448,-4.621576507374735
FSW-72,transverse,Non-Framed Tube,Low-Intensity,4.04,3.5222562464049925,0.5177437535950076,-12.81543944542098
FSW-72,longitudinal,Non-Framed Tube,Low-Intensity,3.35,2.887674216541751,0.46232578345824926,-13.800769655470127
FSW-73,transverse,Non-Framed Tube,Low-Intensity,3.84,3.3421987890621097,0.4978012109378902,-12.963573201507558
FSW-73,longitudinal,Non-Framed Tube,Low-Intensity,3.3,2.846697686484447,0.45330231351555295,-13.736433742895546
FSW-74,transverse,Non-Framed Tube,Low-Intensity,2.87,3.6101494114173924,-0.7401494114173923,25.78917809816698
FSW-74,longitudinal,Non-Framed Tube,Low-Intensity,2.58,2.8316521470446627,-0.25165214704466266,9.753959187777623
FSW-75,transverse,Non-Framed Tube,Low-Intensity,3.85,3.3435787730107394,0.5064212269892607,-13.153798103617161
FSW-75,longitudinal,Non-Framed Tube,Low-Intensity,3.26,2.883375652101371,0.37662434789862864,-11.552894107319897
FSW-76,transverse,Non-Framed Tube,Low-Intensity,3.68,3.459561990197306,0.22043800980269435,-5.9901633098558245
FSW-76,longitudinal,Non-Framed Tube,Low-Intensity,3.41,3.0222177042822165,0.38778229571778366,-11.37191483043354
FSW-77,transverse,Non-Framed Tube,Low-Intensity,4.07,3.608605938914887,0.46139406108511327,-11.336463417324648
FSW-77,longitudinal,Non-Framed Tube,Low-Intensity,2.64,3.073608371639004,-0.433608371639004,16.424559531780453
FSW-78,transverse,Non-Framed Tube,Low-Intensity,4.21,3.6812624343292812,0.5287375656707187,-12.55908707056339
FSW-78,longitudinal,Non-Framed Tube,Low-Intensity,2.93,3.180626673292363,-0.25062667329236277,8.553811375165964
FSW-79,transverse,Non-Framed Tube,Low-Intensity,3.65,3.624452924746487,0.02554707525351274,-0.6999198699592531
FSW-79,longitudinal,Non-Framed Tube,Low-Intensity,3.44,3.1455007113833138,0.2944992886166862,-8.561025831880412
FSW-80,transverse,Non-Framed Tube,Low-Intensity,4.25,4.125885041619878,0.12411495838012243,-2.920351961885234
FSW-80,longitudinal,Non-Framed Tube,Low-Intensity,3.72,3.5040811253282356,0.21591887467176463,-5.804270824509802
FSW-81,transverse,Non-Framed Tube,Low-Intensity,4.42,3.925491073491302,0.49450892650869793,-11.187984762640225
FSW-81,longitudinal,Non-Framed Tube,Low-Intensity,3.79,3.5842320039069526,0.2057679960930474,-5.429234725410223
FSW-82,transverse,Non-Framed Tube,Low-Intensity,4.42,4.247262539928875,0.1727374600711249,-3.9080873319259024
FSW-82,longitudinal,Non-Framed Tube,Low-Intensity,3.93,3.759633776658552,0.17036622334144802,-4.335018405634809
FSW-83,transverse,Non-Framed Tube,Low-Intensity,4.25,4.696341661873324,-0.4463416618733236,10.502156749960553
FSW-83,longitudinal,Non-Framed Tube,Low-Intensity,3.9,3.6660287422440416,0.23397125775595828,-5.9992630193835454
FSW-84,transverse,Non-Framed Tube,High-Intensity,1.94,1.7573982046579222,0.18260179534207777,-9.41246367742669
FSW-84,longitudinal,Non-Framed Tube,High-Intensity,1.74,1.605503473010355,0.13449652698964498,-7.729685459174999
FSW-85,transverse,Non-Framed Tube,High-Intensity,2.06,1.8153415542989577,0.24465844570104234,-11.876623577720501
FSW-85,longitudinal,Non-Framed Tube,High-Intensity,1.68,1.6255722664229846,0.05442773357701536,-3.2397460462509144
FSW-86,transverse,Non-Framed Tube,Low-Intensity,2.16,2.235414462860319,-0.07541446286031883,3.491410317607353
FSW-86,longitudinal,Non-Framed Tube,Low-Intensity,1.94,2.0664210204525197,-0.1264210204525198,6.516547446006175
FSW-87,transverse,Non-Framed Tube,Low-Intensity,2.15,2.528512435959258,-0.3785124359592582,17.605229579500385
FSW-87,longitudinal,Non-Framed Tube,Low-Intensity,1.88,1.9270810774901166,-0.047081077490116696,2.504312632453016
FSW-88,transverse,Non-Framed Tube,Low-Intensity,2.58,2.654453982797966,-0.07445398279796578,2.8858132867428594
FSW-88,longitudinal,Non-Framed Tube,Low-Intensity,2.01,2.0545404718162112,-0.04454047181621146,2.2159438714533066
FSW-89,transverse,Non-Framed Tube,Low-Intensity,2.54,2.8046672753909716,-0.26466727539097157,10.419971472085495
FSW-89,longitudinal,Non-Framed Tube,Low-Intensity,2.36,2.2871777441679724,0.0728222558320275,-3.0856888064418437
FSW-90,transverse,Non-Framed Tube,Low-Intensity,2.59,2.856159425246756,-0.26615942524675607,10.276425685202938
FSW-90,longitudinal,Non-Framed Tube,Low-Intensity,2.02,2.285547804400335,-0.265547804400335,13.145930910907671
FSW-91,transverse,Non-Framed Tube,Low-Intensity,2.61,3.023788067745092,-0.413788067745092,15.853948955750653
FSW-91,longitudinal,Non-Framed Tube,Low-Intensity,1.96,2.2980219900994827,-0.33802199009948275,17.246019903034835
FSW-92,transverse,Non-Framed Tube,Low-Intensity,2.76,2.584259829929574,0.17574017007042597,-6.367397466319782
FSW-92,longitudinal,Non-Framed Tube,Low-Intensity,2.76,2.487878685064826,0.2721213149351738,-9.859467932433832
FSW-93,transverse,Non-Framed Tube,Low-Intensity,2.53,3.11128706725297,-0.5812870672529704,22.97577340920832
FSW-93,longitudinal,Non-Framed Tube,Low-Intensity,1.86,2.3866782382233587,-0.5266782382233586,28.31603431308379
FSW-94,transverse,Non-Framed Tube,Low-Intensity,2.84,2.6144579711246254,0.22554202887537445,-7.941620735048396
FSW-94,longitudinal,Non-Framed Tube,Low-Intensity,2.81,2.51359686264473,0.29640313735527,-10.548154354280072
FSW-95,transverse,Non-Framed Tube,Low-Intensity,2.52,3.3222217836769,-0.8022217836769001,31.83419776495635
FSW-95,longitudinal,Non-Framed Tube,Low-Intensity,2.14,2.5252445663312226,-0.3852445663312225,18.00208253884217
FSW-96,transverse,Non-Framed Tube,Low-Intensity,3.28,3.21001988501184,0.06998011498815959,-2.133540091102427
FSW-96,longitudinal,Non-Framed Tube,Low-Intensity,2.85,2.6197870013298896,0.23021299867011047,-8.077649076144226
FSW-97,transverse,Non-Framed Tube,Low-Intensity,3.02,2.7208420706482794,0.2991579293517206,-9.905891700388098
FSW-97,longitudinal,Non-Framed Tube,Low-Intensity,2.94,2.6880512611041034,0.25194873889589653,-8.569684996459065
FSW-98,transverse,Non-Framed Tube,Low-Intensity,3.64,3.124423017878713,0.5155769821212872,-14.164202805529868
FSW-98,longitudinal,Non-Framed Tube,Low-Intensity,3.21,2.557737953087391,0.6522620469126088,-20.319689934972235
FSW-99,transverse,Non-Framed Tube,Low-Intensity,3.78,3.285847126390073,0.49415287360992677,-13.072827344177957
FSW-99,longitudinal,Non-Framed Tube,Low-Intensity,2.68,2.98397671327536,-0.3039767132753597,11.342414674453718
FSW-100,transverse,Non-Framed Tube,Low-Intensity,2.76,3.414795145470751,-0.654795145470751,23.724461792418516
FSW-100,longitudinal,Non-Framed Tube,Low-Intensity,2.11,2.6664952750999973,-0.5564952750999974,26.374183654028315
FSW-101,transverse,Non-Framed Tube,Low-Intensity,3.81,3.2484751103966407,0.5615248896033593,-14.738186078828328
FSW-101,longitudinal,Non-Framed Tube,Low-Intensity,3.08,2.890866928395794,0.18913307160420612,-6.140684142993705
FSW-102,transverse,Non-Framed Tube,Low-Intensity,3.11,3.4056674058318945,-0.29566740583189466,9.506990541218478
FSW-102,longitudinal,Non-Framed Tube,Low-Intensity,2.4,2.701886871532534,-0.30188687153253424,12.578619647188928
FSW-103,transverse,Non-Framed Tube,Low-Intensity,3.21,2.9732123296529513,0.23678767034704862,-7.376562939160393
FSW-103,longitudinal,Non-Framed Tube,Low-Intensity,3.21,2.888469320795603,0.3215306792043968,-10.016532062442268
FSW-104,transverse,Non-Framed Tube,Low-Intensity,3.44,3.831869361711453,-0.39186936171145303,11.39155121254224
FSW-104,longitudinal,Non-Framed Tube,Low-Intensity,3.28,3.1113664203330957,0.16863357966690407,-5.141267672771466
FSW-105,transverse,Non-Framed Tube,Low-Intensity,3.66,3.875013088767664,-0.21501308876766378,5.874674556493546
FSW-105,longitudinal,Non-Framed Tube,Low-Intensity,3.22,3.178690437097099,0.04130956290290122,-1.2829056802143235
FSW-106,transverse,Non-Framed Tube,Low-Intensity,4.32,4.207000913086458,0.11299908691354243,-2.615719604480149
FSW-106,longitudinal,Non-Framed Tube,Low-Intensity,3.32,3.357031063427201,-0.03703106342720108,1.1153934767229243
FSW-107,transverse,Non-Framed Tube,Low-Intensity,4.37,4.232042585188164,0.13795741481183654,-3.156920247410447
FSW-107,longitudinal,Non-Framed Tube,Low-Intensity,3.27,3.498320493312977,-0.22832049331297677,6.9822780829656494
FSW-108,transverse,Non-Framed Tube,Low-Intensity,1.71,2.0726112643383536,-0.36261126433835367,21.205337095810155
FSW-108,longitudinal,Non-Framed Tube,Low-Intensity,1.43,1.653404220086101,-0.22340422008610106,15.622672733293781
FSW-109,transverse,Non-Framed Tube,Low-Intensity,2.16,2.042601773961524,0.11739822603847605,-5.435103057336854
FSW-109,longitudinal,Non-Framed Tube,Low-Intensity,2.05,1.7567579108003193,0.29324208919968053,-14.304492156081979
FSW-110,transverse,Non-Framed Tube,Low-Intensity,1.69,2.060062449281807,-0.3700624492818072,21.89718634803593
FSW-110,longitudinal,Non-Framed Tube,Low-Intensity,1.41,1.7063006285685154,-0.29630062856851547,21.014228976490458
FSW-111,transverse,Non-Framed Tube,Low-Intensity,2.2,2.148438505716586,0.051561494283414167,-2.3437042856097348
FSW-111,longitudinal,Non-Framed Tube,Low-Intensity,1.91,1.9288847800121125,-0.01888478001211258,0.9887319378069414
FSW-112,transverse,Non-Framed Tube,Low-Intensity,1.96,2.2417739122937754,-0.28177391229377546,14.376220014988546
FSW-112,longitudinal,Non-Framed Tube,Low-Intensity,1.62,1.8748035908453946,-0.2548035908453945,15.728616718851512
FSW-113,transverse,Non-Framed Tube,Low-Intensity,2.05,2.131257198822215,-0.08125719882221505,3.9637657962056125
FSW-113,longitudinal,Non-Framed Tube,Low-Intensity,2.02,1.918403674353427,0.10159632564657306,-5.029521071612527
FSW-114,transverse,Non-Framed Tube,Low-Intensity,1.93,2.2460764469828938,-0.31607644698289383,16.37701797838828
FSW-114,longitudinal,Non-Framed Tube,Low-Intensity,1.71,1.8932630597611075,-0.18326305976110757,10.717137997725589
FSW-115,transverse,Non-Framed Tube,Low-Intensity,2.14,2.297123638959778,-0.15712363895977788,7.3422261196157885
FSW-115,longitudinal,Non-Framed Tube,Low-Intensity,1.79,1.9281557980972057,-0.13815579809720568,7.718201011017077
FSW-116,transverse,Non-Framed Tube,Low-Intensity,2.23,2.4257492388751967,-0.19574923887519668,8.777992774672496
FSW-116,longitudinal,Non-Framed Tube,Low-Intensity,1.88,2.124383404477646,-0.24438340447764606,12.999117259449259
FSW-117,transverse,Non-Framed Tube,Low-Intensity,2.33,2.4011959769773608,-0.07119597697736069,3.0556213295004584
FSW-117,longitudinal,Non-Framed Tube,Low-Intensity,2.07,2.155812401190008,-0.0858124011900081,4.145526627536624
FSW-118,transverse,Non-Framed Tube,Low-Intensity,2.23,2.429042193865395,-0.19904219386539523,8.925658917730727
FSW-118,longitudinal,Non-Framed Tube,Low-Intensity,2.06,2.0958877950337906,-0.03588779503379058,1.7421259725141058
FSW-119,transverse,Non-Framed Tube,Low-Intensity,2.42,2.3001335868583475,0.11986641314165247,-4.953157567836879
FSW-119,longitudinal,Non-Framed Tube,Low-Intensity,2.01,2.0715923727364736,-0.06159237273647378,3.0642971510683474
FSW-120,transverse,Non-Framed Tube,Low-Intensity,2.61,2.4820029509419363,0.12799704905806353,-4.90410149647753
FSW-120,longitudinal,Non-Framed Tube,Low-Intensity,2.21,2.1423953312191175,0.06760466878088245,-3.0590347864652694
FSW-121,transverse,Non-Framed Tube,Low-Intensity,2.71,2.3642277035950925,0.3457722964049075,-12.759125328594372
FSW-121,longitudinal,Non-Framed Tube,Low-Intensity,2.4,2.02917972069481,0.3708202793051898,-15.450844971049573
FSW-122,transverse,Non-Framed Tube,Low-Intensity,2.69,2.604333898577331,0.08566610142266873,-3.184613435786942
FSW-122,longitudinal,Non-Framed Tube,Low-Intensity,2.37,2.360047260250114,0.009952739749885975,-0.4199468248897036
FSW-123,transverse,Non-Framed Tube,Low-Intensity,2.66,2.6286777011120583,0.0313222988879418,-1.1775300333812706
FSW-123,longitudinal,Non-Framed Tube,Low-Intensity,2.28,2.3733817094898586,-0.0933817094898588,4.095689012713105
FSW-124,transverse,Non-Framed Tube,Low-Intensity,3.08,2.6544172427807413,0.42558275721925876,-13.81762198763827
FSW-124,longitudinal,Non-Framed Tube,Low-Intensity,2.36,2.234874073024335,0.12512592697566483,-5.301946058290882
FSW-125,transverse,Non-Framed Tube,Low-Intensity,2.37,2.6794589148824466,-0.3094589148824465,13.057338180693943
FSW-125,longitudinal,Non-Framed Tube,Low-Intensity,2.0,2.1850715948747594,-0.18507159487475944,9.253579743737973
FSW-126,transverse,Non-Framed Tube,Low-Intensity,2.72,2.6680753266397357,0.05192467336026452,-1.908995344127372
FSW-126,longitudinal,Non-Framed Tube,Low-Intensity,2.22,2.2450956308711256,-0.02509563087112543,1.130433823023668
FSW-127,transverse,Non-Framed Tube,Low-Intensity,3.07,2.829708947492677,0.24029105250732297,-7.827070114245048
FSW-127,longitudinal,Non-Framed Tube,Low-Intensity,2.67,2.510812637754137,0.15918736224586283,-5.962073492354413
FSW-128,transverse,Non-Framed Tube,Low-Intensity,3.18,3.0511943533971806,0.12880564660281957,-4.050492031535207
FSW-128,longitudinal,Non-Framed Tube,Low-Intensity,2.78,2.763764934484414,0.016235065515585845,-0.5839951624311456
FSW-129,transverse,Non-Framed Tube,Low-Intensity,3.46,3.159468390759686,0.3005316092403141,-8.685884660124685
FSW-129,longitudinal,Non-Framed Tube,Low-Intensity,2.67,2.615646935273325,0.054353064726675004,-2.035695308115169
FSW-130,transverse,Non-Framed Tube,Low-Intensity,3.08,3.1847441378857626,-0.10474413788576253,3.400783697589693
FSW-130,longitudinal,Non-Framed Tube,Low-Intensity,2.56,2.746805261006043,-0.1868052610060431,7.297080508048559
FSW-131,transverse,Non-Framed Tube,Low-Intensity,4.06,3.1000104710141314,0.9599895289858682,-23.645062290292323
FSW-131,longitudinal,Non-Framed Tube,Low-Intensity,2.89,2.5730548444173253,0.3169451555826748,-10.966960400784593
FSW-132,transverse,Non-Framed Tube,Low-Intensity,3.04,3.2605713792639954,-0.2205713792639954,7.255637475789323
FSW-132,longitudinal,Non-Framed Tube,Low-Intensity,2.52,2.9439061588864592,-0.4239061588864592,16.82167297168489
FSW-133,transverse,Non-Framed Tube,Low-Intensity,3.29,3.2266038362245175,0.06339616377548252,-1.9269350691636022
FSW-133,longitudinal,Non-Framed Tube,Low-Intensity,2.97,2.888545512460512,0.08145448753948825,-2.742575338029907
FSW-134,transverse,Non-Framed Tube,Low-Intensity,3.61,3.1726669664285247,0.4373330335714751,-12.114488464583799
FSW-134,longitudinal,Non-Framed Tube,Low-Intensity,3.03,2.9407793291694877,0.0892206708305121,-2.9445765950664065
FSW-135,transverse,Non-Framed Tube,Low-Intensity,2.47,3.0629987361147335,-0.5929987361147333,24.008045996547906
FSW-135,longitudinal,Non-Framed Tube,Low-Intensity,2.46,2.5951800060606227,-0.13518000606062275,5.495122197586291
FSW-136,transverse,Non-Framed Tube,Low-Intensity,3.76,3.355584061628484,0.4044159383715158,-10.755743041795633
FSW-136,longitudinal,Non-Framed Tube,Low-Intensity,2.5,2.6698252796777258,-0.16982527967772576,6.79301118710903
FSW-137,transverse,Non-Framed Tube,Low-Intensity,2.36,3.1565254150800692,-0.7965254150800694,33.75107691017243
FSW-137,longitudinal,Non-Framed Tube,Low-Intensity,2.25,2.999643416785916,-0.7496434167859158,33.317485190485144
FSW-138,transverse,Non-Framed Tube,Low-Intensity,3.49,3.4307090779335994,0.05929092206640085,-1.6988802884355545
FSW-138,longitudinal,Non-Framed Tube,Low-Intensity,3.26,3.000369463562302,0.25963053643769785,-7.964126884591958
FSW-139,transverse,Non-Framed Tube,Low-Intensity,3.41,3.2243648412855723,0.18563515871442782,-5.443846296610786
FSW-139,longitudinal,Non-Framed Tube,Low-Intensity,2.79,3.09191882212281,-0.30191882212280996,10.821463158523654
FSW-140,transverse,Non-Framed Tube,Low-Intensity,3.96,3.246301319568705,0.7136986804312948,-18.022693950285223
FSW-140,longitudinal,Non-Framed Tube,Low-Intensity,3.67,2.8997088407185996,0.7702911592814004,-20.988859925923713
FSW-141,transverse,Non-Framed Tube,Low-Intensity,3.63,3.51332885052477,0.11667114947522972,-3.2140812527611495
FSW-141,longitudinal,Non-Framed Tube,Low-Intensity,3.2,3.1203689065233498,0.07963109347665043,-2.4884716711453256
FSW-142,transverse,Non-Framed Tube,Low-Intensity,4.23,3.420742729887372,0.8092572701126284,-19.131377544033764
FSW-142,longitudinal,Non-Framed Tube,Low-Intensity,3.4,2.9656742404866643,0.43432575951333563,-12.77428704450987
FSW-143,transverse,Non-Framed Tube,Low-Intensity,3.95,3.549264219846969,0.40073578015303113,-10.14520962412737
FSW-143,longitudinal,Non-Framed Tube,Low-Intensity,3.25,3.365577900028006,-0.11557790002800594,3.5562430777847984
FSW-144,transverse,Non-Framed Tube,Low-Intensity,3.74,3.2273313252814737,0.5126686747185265,-13.70771857536167
FSW-144,longitudinal,Non-Framed Tube,Low-Intensity,2.92,3.1317725057621106,-0.2117725057621107,7.252483074044888
FSW-145,transverse,Non-Framed Tube,Low-Intensity,3.66,3.6060007826455354,0.05399921735446478,-1.4753884523077807
FSW-145,longitudinal,Non-Framed Tube,Low-Intensity,3.09,3.32512185048675,-0.23512185048675027,7.609121374975738
FSW-146,transverse,Non-Framed Tube,Low-Intensity,4.03,3.588204559595084,0.44179544040491603,-10.962666015010324
FSW-146,longitudinal,Non-Framed Tube,Low-Intensity,3.13,2.9921740873259517,0.1378259126740482,-4.4033837915031375
FSW-147,transverse,Non-Framed Tube,Low-Intensity,4.02,3.48325762026715,0.5367423797328494,-13.351800490866903
FSW-147,longitudinal,Non-Framed Tube,Low-Intensity,3.62,3.2999584838772114,0.32004151612278875,-8.840925859745544
FSW-148,transverse,Non-Framed Tube,Low-Intensity,3.31,3.772644485431744,-0.46264448543174375,13.977174786457514
FSW-148,longitudinal,Non-Framed Tube,Low-Intensity,2.99,3.4492998419040126,-0.4592998419040124,15.361198725886702
FSW-149,transverse,Non-Framed Tube,Low-Intensity,3.99,3.677617342125041,0.31238265787495934,-7.829139295111762
FSW-149,longitudinal,Non-Framed Tube,Low-Intensity,3.17,3.453018830545912,-0.28301883054591226,8.928038818483037
FSW-150,transverse,Non-Framed Tube,Low-Intensity,4.03,3.7652779688688343,0.264722031131166,-6.568784891592208
FSW-150,longitudinal,Non-Framed Tube,Low-Intensity,2.32,3.27786485676525,-0.9578648567652501,41.28727830884699
FSW-151,transverse,Non-Framed Tube,Low-Intensity,3.45,3.51443060828306,-0.06443060828305969,1.8675538632770923
FSW-151,longitudinal,Non-Framed Tube,Low-Intensity,3.22,3.234546564578427,-0.014546564578426846,0.45175666392629954
FSW-152,transverse,Non-Framed Tube,Low-Intensity,3.78,3.7590714433853263,0.02092855661467352,-0.5536655189067069
FSW-152,longitudinal,Non-Framed Tube,Low-Intensity,2.99,3.1246434792871915,-0.13464347928719134,4.503126397564928
FSW-153,transverse,Non-Framed Tube,Low-Intensity,3.61,3.789887628796081,-0.17988762879608133,4.983036808755715
FSW-153,longitudinal,Non-Framed Tube,Low-Intensity,2.8,3.494685366139592,-0.6946853661395922,24.81019164784258
FSW-154,transverse,Non-Framed Tube,Low-Intensity,4.0,3.5578183889052366,0.4421816110947634,-11.054540277369085
FSW-154,longitudinal,Non-Framed Tube,Low-Intensity,3.98,3.4615183441776622,0.5184816558223377,-13.027177281968285
FSW-155,transverse,Non-Framed Tube,Low-Intensity,4.11,3.8218376300515136,0.28816236994848676,-7.011249877092135
FSW-155,longitudinal,Non-Framed Tube,Low-Intensity,3.71,3.717685488872081,-0.007685488872080981,0.20715603428789706
FSW-156,transverse,Non-Framed Tube,Low-Intensity,4.37,3.6941539425300736,0.6758460574699265,-15.465584839128752
FSW-156,longitudinal,Non-Framed Tube,Low-Intensity,3.88,3.649633057006017,0.23036694299398297,-5.937292345205747
FSW-157,transverse,Non-Framed Tube,Low-Intensity,4.13,3.787830498096082,0.3421695019039177,-8.284975833024642
FSW-157,longitudinal,Non-Framed Tube,Low-Intensity,3.75,3.7407620817975933,0.009237918202406714,-0.24634448539751239
FSW-158,transverse,Non-Framed Tube,Low-Intensity,4.29,3.9867649082140595,0.30323509178594055,-7.068417057947332
FSW-158,longitudinal,Non-Framed Tube,Low-Intensity,3.61,3.308239237100103,0.30176076289989684,-8.359023903044234
FSW-159,transverse,Non-Framed Tube,Low-Intensity,3.77,3.9787574368299228,-0.20875743682992276,5.537332541907766
FSW-159,longitudinal,Non-Framed Tube,Low-Intensity,3.17,3.362403789108441,-0.19240378910844091,6.069520161149557
FSW-160,transverse,Non-Framed Tube,Low-Intensity,4.71,4.048107683949769,0.6618923160502312,-14.05291541507922
FSW-160,longitudinal,Non-Framed Tube,Low-Intensity,3.96,3.585946201440662,0.3740537985593382,-9.445802993922682
FSW-161,transverse,Non-Framed Tube,Low-Intensity,4.28,4.332209273594983,-0.05220927359498262,1.2198428410042668
FSW-161,longitudinal,Non-Framed Tube,Low-Intensity,3.27,3.4672008728198533,-0.19720087281985332,6.030607731493985
FSW-162,transverse,Non-Framed Tube,Low-Intensity,5.0,4.397979999937482,0.6020200000625184,-12.040400001250369
FSW-162,longitudinal,Non-Framed Tube,Low-Intensity,3.65,3.682841885292236,-0.032841885292236306,0.8997776792393508
FSW-163,transverse,Non-Framed Tube,Low-Intensity,4.44,4.442785282186066,-0.002785282186065885,0.06273158076724966
FSW-163,longitudinal,Non-Framed Tube,Low-Intensity,2.51,3.6798531628164373,-1.1698531628164375,46.60769572973855
FSW-164,transverse,Non-Framed Tube,Low-Intensity,4.42,3.840441462500716,0.5795585374992838,-13.112184106318638
FSW-164,longitudinal,Non-Framed Tube,Low-Intensity,4.26,3.840441462500716,0.4195585374992836,-9.848791960077081
FSW-165,transverse,Non-Framed Tube,Low-Intensity,4.23,4.454348446831758,-0.22434844683175736,5.303745787984807
FSW-165,longitudinal,Non-Framed Tube,Low-Intensity,3.45,4.205294739609706,-0.7552947396097061,21.89260114810742
FSW-166,transverse,Non-Framed Tube,Low-Intensity,4.08,4.177281202635202,-0.09728120263520168,2.3843432018431785
FSW-166,longitudinal,Non-Framed Tube,Low-Intensity,3.78,4.027703222691941,-0.24770322269194134,6.552995309310617
FSW-167,transverse,Non-Framed Tube,Low-Intensity,5.11,4.8239596418155335,0.2860403581844668,-5.5976586728858475
FSW-167,longitudinal,Non-Framed Tube,Low-Intensity,4.12,4.139195829293978,-0.019195829293978228,0.4659181867470444
FSW-168,transverse,Non-Framed Tube,Low-Intensity,4.62,4.732876027222265,-0.11287602722226531,2.443204052429985
FSW-168,longitudinal,Non-Framed Tube,Low-Intensity,3.99,3.8987381358373945,0.09126186416260573,-2.2872647659800935
FSW-169,transverse,Non-Framed Tube,Low-Intensity,4.01,4.926054025769301,-0.9160540257693013,22.844240044122227
FSW-169,longitudinal,Non-Framed Tube,Low-Intensity,3.95,3.856589257389582,0.09341074261041804,-2.3648289268460263
FSW-170,transverse,Non-Framed Tube,Low-Intensity,4.38,4.878219195332955,-0.4982191953329549,11.374867473355135
FSW-170,longitudinal,Non-Framed Tube,Low-Intensity,3.55,3.928500672475569,-0.3785006724755693,10.6619907739597
FSW-171,transverse,Non-Framed Tube,Low-Intensity,4.71,4.668039123759378,0.041960876240621836,-0.8908890921575762
FSW-171,longitudinal,Non-Framed Tube,Low-Intensity,4.07,4.107159312115177,-0.03715931211517631,0.9130052116750936
FSW-172,transverse,Non-Framed Tube,High-Intensity,1.94,2.0408255302672256,-0.10082553026722563,5.197192281815754
FSW-172,longitudinal,Non-Framed Tube,High-Intensity,1.6,1.7766418149632446,-0.1766418149632445,11.04011343520278
FSW-173,transverse,Non-Framed Tube,High-Intensity,2.62,2.568805556816568,0.051194443183431915,-1.9539863810470195
FSW-173,longitudinal,Non-Framed Tube,High-Intensity,2.6,2.3933953802166776,0.20660461978332245,-7.946331530127786
FSW-174,transverse,Non-Framed Tube,High-Intensity,3.1,2.903490970431846,0.19650902956815397,-6.339000953811418
FSW-174,longitudinal,Non-Framed Tube,High-Intensity,3.0,2.652537611866919,0.34746238813308095,-11.582079604436032
FSW-175,transverse,Non-Framed Tube,High-Intensity,2.6,3.048196574098269,-0.44819657409826874,17.238329773010335
FSW-175,longitudinal,Non-Framed Tube,High-Intensity,2.52,2.911403421135445,-0.39140342113544513,15.531881791089093
FSW-176,transverse,Non-Framed Tube,High-Intensity,3.73,3.3170891112918284,0.4129108887081716,-11.06999701630487
FSW-176,longitudinal,Non-Framed Tube,High-Intensity,3.55,2.9308127772763477,0.6191872227236521,-17.441893597849358
FSW-177,transverse,Non-Framed Tube,High-Intensity,2.63,2.916950619639076,-0.2869506196390761,10.910669948253844
FSW-177,longitudinal,Non-Framed Tube,High-Intensity,2.62,2.8585643946446346,-0.23856439464463453,9.105511245978416
FSW-178,transverse,Non-Framed Tube,High-Intensity,3.25,3.228319881643852,0.021680118356147915,-0.6670805648045512
FSW-178,longitudinal,Non-Framed Tube,High-Intensity,3.21,2.9625468168276243,0.24745318317237563,-7.708821905681483
FSW-179,transverse,Non-Framed Tube,High-Intensity,2.93,3.2398852259231656,-0.3098852259231655,10.57628757416947
FSW-179,longitudinal,Non-Framed Tube,High-Intensity,2.88,3.225356006954568,-0.34535600695456825,11.991528019255842
FSW-180,transverse,Non-Framed Tube,High-Intensity,3.1,3.3737442116436185,-0.2737442116436184,8.830458440116724
FSW-180,longitudinal,Non-Framed Tube,High-Intensity,3.0,3.2299881641423176,-0.2299881641423176,7.666272138077254
FSW-181,transverse,Non-Framed Tube,High-Intensity,3.41,3.3922823840598983,0.017717615940101794,-0.5195781800616361
FSW-181,longitudinal,Non-Framed Tube,High-Intensity,3.25,3.0049946985265548,0.24500530147344524,-7.538624660721392
FT-1,transverse,Framed Tube,Low-Intensity,2.32,2.4276989001034472,-0.1076989001034474,4.642193969976182
FT-1,longitudinal,Framed Tube,Low-Intensity,1.72,2.0567232427367683,-0.33672324273676835,19.576932717253975
FT-2,transverse,Framed Tube,Low-Intensity,3.2,2.9297469960132134,0.27025300398678676,-8.445406374587085
FT-2,longitudinal,Framed Tube,Low-Intensity,2.46,2.671926629153629,-0.21192662915362925,8.61490362413127
FT-3,transverse,Framed Tube,Low-Intensity,3.25,3.4856655209353824,-0.2356655209353824,7.251246798011767
FT-3,longitudinal,Framed Tube,Low-Intensity,3.09,2.9328333009253837,0.1571666990746161,-5.086300940926088
FT-4,transverse,Framed Tube,Low-Intensity,4.35,3.758329715644453,0.5916702843555468,-13.601615732311423
FT-4,longitudinal,Framed Tube,Low-Intensity,3.53,3.241145608013654,0.28885439198634577,-8.182843965618861
FT-5,transverse,Framed Tube,Low-Intensity,4.51,4.122460022350404,0.38753997764959536,-8.592904160744908
FT-5,longitudinal,Framed Tube,Low-Intensity,3.54,3.52514259435644,0.014857405643560195,-0.4197007243943558
FT-6,transverse,Framed Tube,Low-Intensity,5.17,4.707206076167722,0.4627939238322778,-8.951526573158178
FT-6,longitudinal,Framed Tube,Low-Intensity,4.53,4.450508001619781,0.07949199838021936,-1.7547902512189704
FT-7,transverse,Framed Tube,Low-Intensity,3.71,3.6621634866682715,0.04783651333172845,-1.2893938903430848
FT-7,longitudinal,Framed Tube,Low-Intensity,3.69,3.263954502176412,0.4260454978235879,-11.545948450503737
FT-8,transverse,Framed Tube,Low-Intensity,5.28,3.887082927265798,1.3929170727342024,-26.381005165420497
FT-8,longitudinal,Framed Tube,Low-Intensity,3.27,3.3233589504719387,-0.053358950471938726,1.6317721856861995
FT-9,transverse,Framed Tube,Low-Intensity,4.45,3.952627472843117,0.49737252715688296,-11.176910722626584
FT-9,longitudinal,Framed Tube,Low-Intensity,2.73,3.3324107251713952,-0.6024107251713953,22.06632692935514
FT-10,transverse,Framed Tube,Low-Intensity,4.63,3.919550179631273,0.7104498203687268,-15.344488560879629
FT-10,longitudinal,Framed Tube,Low-Intensity,3.89,3.752623643406934,0.1373763565930659,-3.531525876428429
FT-11,transverse,Framed Tube,High-Intensity,1.85,1.9013919175370158,-0.05139191753701566,2.777941488487333
FT-11,longitudinal,Framed Tube,High-Intensity,1.84,1.8512976351214632,-0.01129763512146309,0.6140019087751679
FT-12,transverse,Framed Tube,High-Intensity,2.19,2.029781207783106,0.16021879221689383,-7.315926585246293
FT-12,longitudinal,Framed Tube,High-Intensity,1.88,1.902037882260269,-0.022037882260269148,1.1722277798015506
FT-13,transverse,Framed Tube,Low-Intensity,1.74,1.8153024129722766,-0.07530241297227658,4.327724883464171
FT-13,longitudinal,Framed Tube,Low-Intensity,1.57,1.726574879782861,-0.156574879782861,9.97292227916312
FT-14,transverse,Framed Tube,Low-Intensity,2.02,1.847546038286281,0.17245396171371907,-8.537324837312825
FT-14,longitudinal,Framed Tube,Low-Intensity,1.88,1.7940603202285201,0.08593967977147976,-4.571259562312753
FT-15,transverse,Framed Tube,Low-Intensity,1.84,2.2821758401516243,-0.44217584015162426,24.031295660414358
FT-15,longitudinal,Framed Tube,Low-Intensity,1.58,1.7229604262129488,-0.1429604262129487,9.048128241325866
FT-16,transverse,Framed Tube,Low-Intensity,1.99,1.846992400823633,0.14300759917636707,-7.186311516400355
FT-16,longitudinal,Framed Tube,Low-Intensity,1.97,1.8220204050896347,0.14797959491036528,-7.511654563977933
FT-17,transverse,Framed Tube,Low-Intensity,2.57,2.3380239367844857,0.23197606321551412,-9.026305961693156
FT-17,longitudinal,Framed Tube,Low-Intensity,2.03,1.926350311133474,0.1036496888665257,-5.105896003277128
FT-18,transverse,Framed Tube,Low-Intensity,2.05,1.9709614756657916,0.07903852433420822,-3.855537772400401
FT-18,longitudinal,Framed Tube,Low-Intensity,1.9,1.8744299358209386,0.02557006417906127,-1.3457928515295405
FT-19,transverse,Framed Tube,Low-Intensity,3.05,2.3773031310648842,0.6726968689351156,-22.055635047052974
FT-19,longitudinal,Framed Tube,Low-Intensity,2.43,1.9828347813689198,0.4471652186310804,-18.401860849015655
FT-20,transverse,Framed Tube,Low-Intensity,2.82,2.988477342195039,-0.16847734219503918,5.974373836703518
FT-20,longitudinal,Framed Tube,Low-Intensity,1.95,2.1889062503981336,-0.23890625039813362,12.251602584519674
FT-21,transverse,Framed Tube,Low-Intensity,2.52,2.5337407721922407,-0.01374077219224068,0.5452687377873285
FT-21,longitudinal,Framed Tube,Low-Intensity,2.42,2.389390878492223,0.030609121507776837,-1.2648397317263156
FT-22,transverse,Framed Tube,Low-Intensity,3.43,2.7628122097876666,0.6671877902123335,-19.451539073245875
FT-22,longitudinal,Framed Tube,Low-Intensity,3.06,2.495457059850537,0.564542940149463,-18.449115691158923
FT-23,transverse,Framed Tube,Low-Intensity,3.32,3.2611466742452366,0.05885332575476321,-1.7726905347820245
FT-23,longitudinal,Framed Tube,Low-Intensity,2.15,2.456532814255242,-0.30653281425524215,14.25734019791824
FT-24,transverse,Framed Tube,Low-Intensity,2.94,2.746330185613326,0.19366981438667397,-6.587408652607958
FT-24,longitudinal,Framed Tube,Low-Intensity,2.54,2.652724366639523,-0.11272436663952279,4.437967190532393
FT-25,transverse,Framed Tube,Low-Intensity,3.2,3.29983476960022,-0.09983476960021997,3.119836550006874
FT-25,longitudinal,Framed Tube,Low-Intensity,2.22,2.537576405196466,-0.317576405196466,14.305243477318287
FT-26,transverse,Framed Tube,Low-Intensity,2.83,2.8489483763551466,-0.018948376355146568,0.6695539348108328
FT-26,longitudinal,Framed Tube,Low-Intensity,2.66,2.600946090820047,0.059053909179953123,-2.2200717736824482
FT-27,transverse,Framed Tube,Low-Intensity,3.47,3.043777167989542,0.4262228320104584,-12.283078732289866
FT-27,longitudinal,Framed Tube,Low-Intensity,2.88,2.6532499521917803,0.2267500478082196,-7.873265548896515
FT-28,transverse,Framed Tube,Low-Intensity,3.05,2.8266021641264425,0.22339783587355733,-7.324519208969093
FT-28,longitudinal,Framed Tube,Low-Intensity,2.49,2.7323504023157876,-0.24235040231578742,9.73294788416817
FT-29,transverse,Framed Tube,Low-Intensity,3.73,2.938092872335226,0.791907127664774,-21.230754092889384
FT-29,longitudinal,Framed Tube,Low-Intensity,3.24,2.677094811025737,0.5629051889742631,-17.373616943650095
FT-30,transverse,Framed Tube,Low-Intensity,3.85,3.120539670138546,0.7294603298614541,-18.947021554842962
FT-30,longitudinal,Framed Tube,Low-Intensity,3.18,2.962402003384269,0.21759799661573132,-6.84270429609218
FT-31,transverse,Framed Tube,Low-Intensity,3.13,2.986729282506741,0.14327071749325881,-4.577339217037023
FT-31,longitudinal,Framed Tube,Low-Intensity,2.53,2.731843290777507,-0.20184329077750718,7.977995682905423
FT-32,transverse,Framed Tube,Low-Intensity,3.15,3.0043039711534507,0.1456960288465492,-4.625270757033308
FT-32,longitudinal,Framed Tube,Low-Intensity,2.7,2.7645320167550516,-0.06453201675505138,2.3900746946315325
FT-33,transverse,Framed Tube,Low-Intensity,3.22,2.8871356011942515,0.3328643988057487,-10.337403689619524
FT-33,longitudinal,Framed Tube,Low-Intensity,2.71,2.8735077729696963,-0.16350777296969632,6.03349715755337
FT-34,transverse,Framed Tube,Low-Intensity,3.24,3.0490115497521924,0.19098845024780786,-5.894705254561971
FT-34,longitudinal,Framed Tube,Low-Intensity,2.71,2.88830025126593,-0.17830025126592997,6.5793450651634675
FT-35,transverse,Framed Tube,Low-Intensity,3.78,3.4934281176310957,0.2865718823689041,-7.581266729336087
FT-35,longitudinal,Framed Tube,Low-Intensity,2.97,3.2791802481884385,-0.30918024818843826,10.410109366614082
FT-36,transverse,Framed Tube,Low-Intensity,3.78,3.4031099445732047,0.3768900554267951,-9.970636386952252
FT-36,longitudinal,Framed Tube,Low-Intensity,3.13,2.9217925748081535,0.20820742519184643,-6.651994415074966
FT-37,transverse,Framed Tube,Low-Intensity,3.64,3.1126902342008758,0.5273097657991244,-14.48653202744847
FT-37,longitudinal,Framed Tube,Low-Intensity,3.25,2.995555332282851,0.254444667717149,-7.8290666989892
FT-38,transverse,Framed Tube,Low-Intensity,4.12,3.2125633073511937,0.9074366926488064,-22.025162442932196
FT-38,longitudinal,Framed Tube,Low-Intensity,3.4,3.0155405489392137,0.38445945106078616,-11.307630913552535
FT-39,transverse,Framed Tube,Low-Intensity,3.3,3.574698639922361,-0.2746986399223612,8.324201209768521
FT-39,longitudinal,Framed Tube,Low-Intensity,2.53,3.0284504302385074,-0.49845043023850755,19.70159803314259
FT-40,transverse,Framed Tube,Low-Intensity,3.33,3.2015242716528465,0.1284757283471536,-3.858129980395003
FT-40,longitudinal,Framed Tube,Low-Intensity,2.97,3.2015242716528465,-0.23152427165284628,7.795430021981356
FT-41,transverse,Framed Tube,Low-Intensity,3.96,3.3809305672088006,0.5790694327911994,-14.622965474525236
FT-41,longitudinal,Framed Tube,Low-Intensity,3.6,3.1845964252826526,0.41540357471734746,-11.538988186592984
FT-42,transverse,Framed Tube,Low-Intensity,3.58,3.1067600965826867,0.47323990341731337,-13.218991715567412
FT-42,longitudinal,Framed Tube,Low-Intensity,2.75,3.0384249356340014,-0.2884249356340014,10.48817947760005
FT-43,transverse,Framed Tube,Low-Intensity,3.57,3.5096937236098418,0.060306276390158065,-1.689251439500226
FT-43,longitudinal,Framed Tube,Low-Intensity,3.19,3.1845964252826526,0.005403574717347315,-0.16939105697013526
FT-44,transverse,Framed Tube,Low-Intensity,3.85,3.4809887080435096,0.3690112919564905,-9.584708881986765
FT-44,longitudinal,Framed Tube,Low-Intensity,3.65,3.1759275394059383,0.4740724605940616,-12.988286591618127
FT-45,transverse,Framed Tube,Low-Intensity,3.63,3.699109473336217,-0.06910947333621698,1.9038422406671345
FT-45,longitudinal,Framed Tube,Low-Intensity,3.27,3.536145658766926,-0.2661456587669262,8.139010971465632
FT-46,transverse,Framed Tube,Low-Intensity,3.43,3.8489582520626224,-0.41895825206262227,12.214526299201816
FT-46,longitudinal,Framed Tube,Low-Intensity,2.56,3.4319108480266634,-0.8719108480266633,34.05901750104153
FT-47,transverse,Framed Tube,Low-Intensity,3.92,3.6190273440918332,0.3009726559081667,-7.677873875208334
FT-47,longitudinal,Framed Tube,Low-Intensity,2.91,2.9583194071631653,-0.048319407163165184,1.6604607272565355
FT-48,transverse,Framed Tube,Low-Intensity,4.31,3.8340643880319543,0.47593561196804535,-11.04258960482704
FT-48,longitudinal,Framed Tube,Low-Intensity,2.79,3.5068672397597593,-0.7168672397597593,25.694166299632947
FT-49,transverse,Framed Tube,Low-Intensity,4.23,3.4574268934871677,0.7725731065128327,-18.264139633873114
FT-49,longitudinal,Framed Tube,Low-Intensity,3.18,3.148059001886356,0.03194099811364426,-1.004433902944788
FT-50,transverse,Framed Tube,Low-Intensity,4.51,3.5073727067386202,1.0026272932613796,-22.231203841715736
FT-50,longitudinal,Framed Tube,Low-Intensity,3.55,3.0794994071369013,0.47050059286309853,-13.253537827129536
FT-51,transverse,Framed Tube,Low-Intensity,4.12,3.239283992296302,0.8807160077036982,-21.376602128730536
FT-51,longitudinal,Framed Tube,Low-Intensity,3.69,3.114411225914541,0.575588774085459,-15.598611763833578
FT-52,transverse,Framed Tube,Low-Intensity,4.19,3.364773650829012,0.8252263491709884,-19.695139598352945
FT-52,longitudinal,Framed Tube,Low-Intensity,3.61,3.149795987188672,0.46020401281132806,-12.748033595881664
FT-53,transverse,Framed Tube,Low-Intensity,4.71,3.8377445423489025,0.8722554576510975,-18.519224153951114
FT-53,longitudinal,Framed Tube,Low-Intensity,3.24,3.0038109487420006,0.2361890512579996,-7.289785532654309
FT-54,transverse,Framed Tube,Low-Intensity,3.23,3.8554384549181084,-0.6254384549181085,19.363419656907382
FT-54,longitudinal,Framed Tube,Low-Intensity,2.49,3.2792975646320888,-0.7892975646320886,31.69869737478267
FT-55,transverse,Framed Tube,Low-Intensity,3.67,3.4622494402271657,0.2077505597728342,-5.660778195445073
FT-55,longitudinal,Framed Tube,Low-Intensity,3.16,3.381230711128706,-0.22123071112870596,7.000971871161581
FT-56,transverse,Framed Tube,Low-Intensity,3.79,4.102275675515267,-0.31227567551526736,8.239463733912068
FT-56,longitudinal,Framed Tube,Low-Intensity,2.46,3.147686836900757,-0.6876868369007569,27.954749467510442
FT-57,transverse,Framed Tube,Low-Intensity,4.14,3.9409001638597103,0.19909983614028937,-4.809174785997328
FT-57,longitudinal,Framed Tube,Low-Intensity,3.65,3.791316114505866,-0.1413161145058659,3.8716743700237233
FT-58,transverse,Framed Tube,Low-Intensity,4.54,3.9036678229590933,0.6363321770409067,-14.016127247597064
FT-58,longitudinal,Framed Tube,Low-Intensity,3.77,3.671497547974442,0.09850245202555818,-2.6127971359564506
FT-59,transverse,Framed Tube,Low-Intensity,4.45,3.6500198856298973,0.7999801143701029,-17.977081221800066
FT-59,longitudinal,Framed Tube,Low-Intensity,3.35,3.3648664356698292,-0.014866435669829148,0.44377419909937754
FT-60,transverse,Framed Tube,Low-Intensity,4.32,3.9884973747627464,0.33150262523725393,-7.673671880491989
FT-60,longitudinal,Framed Tube,Low-Intensity,3.1,3.5645325560215264,-0.4645325560215263,14.984921161984719
FT-61,transverse,Framed Tube,Low-Intensity,4.08,3.727913177016349,0.3520868229836509,-8.629578994697326
FT-61,longitudinal,Framed Tube,Low-Intensity,3.47,3.529609028737104,-0.05960902873710383,1.7178394448733092
FT-62,transverse,Framed Tube,Low-Intensity,4.56,3.716263259873437,0.8437367401265625,-18.50299868698602
FT-62,longitudinal,Framed Tube,Low-Intensity,3.97,3.5764150579341925,0.39358494206580774,-9.913978389566944
FT-63,transverse,Framed Tube,Low-Intensity,3.84,3.844454856126397,-0.0044548561263972886,0.11601187829159607
FT-63,longitudinal,Framed Tube,Low-Intensity,2.89,3.530861027862171,-0.6408610278621709,22.175122071355396
FT-64,transverse,Framed Tube,Low-Intensity,4.15,3.8238785446830454,0.3261214553169549,-7.858348320890479
FT-64,longitudinal,Framed Tube,Low-Intensity,3.16,3.5841901512426775,-0.42419015124267734,13.423738963375863
FT-65,transverse,Framed Tube,Low-Intensity,4.9,3.7406031649521707,1.1593968350478296,-23.661159898935296
FT-65,longitudinal,Framed Tube,Low-Intensity,4.46,3.7406031649521707,0.7193968350478293,-16.12997387999617
FT-66,transverse,Framed Tube,Low-Intensity,4.22,4.313362161571985,-0.09336216157198507,2.212373496966471
FT-66,longitudinal,Framed Tube,Low-Intensity,3.14,3.9951862989541005,-0.8551862989541004,27.23523245076753
FT-67,transverse,Framed Tube,Low-Intensity,4.47,4.489891004957806,-0.019891004957806047,0.44498892523056033
FT-67,longitudinal,Framed Tube,Low-Intensity,2.87,4.048828694119956,-1.1788286941199555,41.07417052682772
FT-68,transverse,Framed Tube,Low-Intensity,3.98,3.8763964203382892,0.10360357966171074,-2.603105016625898
FT-68,longitudinal,Framed Tube,Low-Intensity,3.03,3.654239086926469,-0.6242390869264693,20.601950063579846
FT-69,transverse,Framed Tube,Low-Intensity,4.69,3.946639333961865,0.7433606660381353,-15.849907591431457
FT-69,longitudinal,Framed Tube,Low-Intensity,4.26,3.67761600244868,0.5823839975513199,-13.670985858012203
FT-70,transverse,Framed Tube,Low-Intensity,3.98,3.9260069616471314,0.053993038352868616,-1.35660900384092
FT-70,longitudinal,Framed Tube,Low-Intensity,3.44,3.6115431713530564,-0.1715431713530564,4.98672009747257
FT-71,transverse,Framed Tube,Low-Intensity,4.54,3.9717408126291374,0.5682591873708627,-12.516722188785522
FT-71,longitudinal,Framed Tube,Low-Intensity,3.78,3.6400343938589574,0.13996560614104236,-3.7027938132550893
FT-72,transverse,Framed Tube,Low-Intensity,3.88,4.071904629720111,-0.1919046297201108,4.945995611343062
FT-72,longitudinal,Framed Tube,Low-Intensity,3.22,3.6205020753813906,-0.4005020753813904,12.437952651595973
FT-73,transverse,Framed Tube,Low-Intensity,3.75,4.283738299680033,-0.5337382996800333,14.233021324800887
FT-73,longitudinal,Framed Tube,Low-Intensity,2.69,3.7085336477996127,-1.0185336477996128,37.863704379167764
FT-74,transverse,Framed Tube,Low-Intensity,4.45,4.126577103262158,0.3234228967378421,-7.267930263771732
FT-74,longitudinal,Framed Tube,Low-Intensity,4.13,3.9734757611655946,0.15652423883440525,-3.7899331436901997
FT-75,transverse,Framed Tube,Low-Intensity,4.55,4.310672334798148,0.2393276652018521,-5.259948685754992
FT-75,longitudinal,Framed Tube,Low-Intensity,3.37,3.686084176759847,-0.3160841767598468,9.379352426108213
FT-76,transverse,Framed Tube,Low-Intensity,4.31,3.960301629298596,0.3496983707014034,-8.11365129237595
FT-76,longitudinal,Framed Tube,Low-Intensity,4.31,3.960301629298596,0.3496983707014034,-8.11365129237595
FT-77,transverse,Framed Tube,Low-Intensity,4.14,4.2965072483504905,-0.1565072483504908,3.7803683176447054
FT-77,longitudinal,Framed Tube,Low-Intensity,3.7,4.264581634655406,-0.564581634655406,15.258963098794757
FT-78,transverse,Framed Tube,Low-Intensity,4.3,4.260100721386016,0.03989927861398357,-0.9278902003251993
FT-78,longitudinal,Framed Tube,Low-Intensity,4.05,4.260100721386016,-0.21010072138601643,5.187672132988061
FT-79,transverse,Framed Tube,Low-Intensity,4.5,4.260100721386016,0.23989927861398375,-5.3310950803107495
FT-79,longitudinal,Framed Tube,Low-Intensity,4.05,4.1744001573351,-0.12440015733510013,3.071608823088892
FT-80,transverse,Framed Tube,Low-Intensity,4.04,4.097463188589112,-0.0574631885891117,1.4223561531958342
FT-80,longitudinal,Framed Tube,Low-Intensity,3.81,3.8694244153888206,-0.059424415388820595,1.559695941963795
FT-81,transverse,Framed Tube,Low-Intensity,4.66,4.376228383961106,0.28377161603889434,-6.089519657487003
FT-81,longitudinal,Framed Tube,Low-Intensity,3.73,4.012956739036024,-0.28295673903602436,7.585971555925585
FT-82,transverse,Framed Tube,Low-Intensity,4.69,4.033784513185146,0.6562154868148546,-13.991801424623766
FT-82,longitudinal,Framed Tube,Low-Intensity,3.93,3.8014365536329566,0.12856344636704353,-3.271334513156324
FT-83,transverse,Framed Tube,Low-Intensity,4.63,4.370115914881941,0.2598840851180588,-5.613047194774489
FT-83,longitudinal,Framed Tube,Low-Intensity,3.55,3.7801190186297045,-0.23011901862970463,6.482225876893088
FT-84,transverse,Framed Tube,Low-Intensity,4.63,4.517469615148214,0.11253038485178557,-2.4304618758485006
FT-84,longitudinal,Framed Tube,Low-Intensity,3.63,4.089878611218799,-0.4598786112187989,12.668832264980686
FT-85,transverse,Framed Tube,Low-Intensity,5.07,4.249060875406829,0.8209391245931714,-16.192093187242037
FT-85,longitudinal,Framed Tube,Low-Intensity,4.56,3.901611103152421,0.6583888968475784,-14.438353001043389
FT-86,transverse,Framed Tube,Low-Intensity,4.87,4.24984077901364,0.62015922098636,-12.734275584935522
FT-86,longitudinal,Framed Tube,Low-Intensity,4.09,3.956218284718748,0.13378171528125193,-3.2709465838936906
FT-87,transverse,Framed Tube,Low-Intensity,4.44,4.187255884382856,0.25274411561714416,-5.692435036422165
FT-87,longitudinal,Framed Tube,Low-Intensity,3.95,4.019281268297935,-0.06928126829793513,1.7539561594413955
FT-88,transverse,Framed Tube,Low-Intensity,4.66,4.4316323976279905,0.2283676023720096,-4.900592325579605
FT-88,longitudinal,Framed Tube,Low-Intensity,4.59,4.589459384817036,0.0005406151829641104,-0.011778108561309595
FT-89,transverse,Framed Tube,Low-Intensity,4.93,4.254957464723762,0.6750425352762379,-13.692546354487584
FT-89,longitudinal,Framed Tube,Low-Intensity,4.85,4.042680089331457,0.8073199106685429,-16.645771353990575
FT-90,transverse,Framed Tube,Low-Intensity,4.2,4.755800992860998,-0.5558009928609975,13.233356972880893
FT-90,longitudinal,Framed Tube,Low-Intensity,3.37,4.37487268053015,-1.0048726805301502,29.818180431161725
FT-91,transverse,Framed Tube,Low-Intensity,4.31,4.4527253408054825,-0.14272534080548294,3.3114928261132937
FT-91,longitudinal,Framed Tube,Low-Intensity,3.5,4.14227622736281,-0.6422762273628102,18.350749353223147
FT-92,transverse,Framed Tube,Low-Intensity,4.83,4.783197581436746,0.046802418563253845,-0.9689941731522534
FT-92,longitudinal,Framed Tube,Low-Intensity,3.43,4.327130657444124,-0.8971306574441242,26.15541275347301
FT-93,transverse,Framed Tube,Low-Intensity,4.65,4.852296647364494,-0.20229664736449404,4.350465534720302
FT-93,longitudinal,Framed Tube,Low-Intensity,3.2,4.096071401666499,-0.8960714016664992,28.0022313020781
FT-94,transverse,Framed Tube,Low-Intensity,4.62,4.478242379384031,0.14175762061596942,-3.0683467665794244
FT-94,longitudinal,Framed Tube,Low-Intensity,4.31,4.351927956057753,-0.041927956057753235,0.9728064050522793
FT-95,transverse,Framed Tube,Low-Intensity,4.45,4.723190357456276,-0.27319035745627573,6.139109156320803
FT-95,longitudinal,Framed Tube,Low-Intensity,4.09,4.531771866483458,-0.44177186648345845,10.801268129179913
FT-96,transverse,Framed Tube,Low-Intensity,5.29,4.376738106396435,0.9132618936035648,-17.263929935795176
FT-96,longitudinal,Framed Tube,Low-Intensity,4.34,4.136397980366101,0.203602019633899,-4.6912907749746315
FT-97,transverse,Framed Tube,Low-Intensity,4.22,4.557474092524135,-0.3374740925241353,7.997016410524535
FT-97,longitudinal,Framed Tube,Low-Intensity,3.94,4.529316069409446,-0.5893160694094459,14.957260644909795
FT-98,transverse,Framed Tube,Low-Intensity,5.42,4.707206076167722,0.7127939238322778,-13.151179406499592
FT-98,longitudinal,Framed Tube,Low-Intensity,4.19,4.3157478347584215,-0.1257478347584211,3.0011416410124365
FT-99,transverse,Framed Tube,Low-Intensity,4.61,4.426396724280985,0.18360327571901536,-3.9827174776359078
FT-99,longitudinal,Framed Tube,Low-Intensity,4.01,4.200897148007742,-0.1908971480077426,4.760527381739217
FT-100,transverse,Framed Tube,Low-Intensity,4.67,4.840822825049256,-0.17082282504925583,3.6578763393844933
FT-100,longitudinal,Framed Tube,Low-Intensity,3.87,4.733630798446033,-0.8636307984460325,22.31604130351505
FT-101,transverse,Framed Tube,Low-Intensity,4.73,4.525625382578432,0.2043746174215686,-4.320816435973966
FT-101,longitudinal,Framed Tube,Low-Intensity,3.75,4.452438928332574,-0.7024389283325743,18.731704755535315
FT-102,transverse,Framed Tube,Low-Intensity,4.72,4.990752272308359,-0.27075227230835885,5.736276955685569
FT-102,longitudinal,Framed Tube,Low-Intensity,3.6,4.1959762698421885,-0.5959762698421884,16.554896384505234
FT-103,transverse,Framed Tube,Low-Intensity,5.08,4.695044882830713,0.3849551171692873,-7.5778566371906955
FT-103,longitudinal,Framed Tube,Low-Intensity,4.94,4.606024725012977,0.33397527498702306,-6.7606330969033
FT-104,transverse,Framed Tube,Low-Intensity,4.53,4.603785816023409,-0.07378581602340883,1.628825960781652
FT-104,longitudinal,Framed Tube,Low-Intensity,4.01,4.327891377868058,-0.3178913778680581,7.9274657822458385
FT-105,transverse,Framed Tube,Low-Intensity,5.61,4.576854419237456,1.033145580762544,-18.41614225958189
FT-105,longitudinal,Framed Tube,Low-Intensity,4.47,4.308698335102493,0.16130166489750675,-3.6085383645974667
FT-106,transverse,Framed Tube,Low-Intensity,1.83,1.736088915079779,0.09391108492022116,-5.131753274329025
FT-106,longitudinal,Framed Tube,Low-Intensity,1.71,1.6394692340381203,0.07053076596187968,-4.124606196601151
FT-107,transverse,Framed Tube,Low-Intensity,1.68,1.7336981133490204,-0.053698113349020415,3.196316270775025
FT-107,longitudinal,Framed Tube,Low-Intensity,1.51,1.691323922652261,-0.18132392265226094,12.008206798162977
FT-108,transverse,Framed Tube,Low-Intensity,1.68,1.7198329471800924,-0.03983294718009245,2.3710087607197887
FT-108,longitudinal,Framed Tube,Low-Intensity,1.54,1.6974956364490323,-0.1574956364490323,10.226989379807291
FT-109,transverse,Framed Tube,Low-Intensity,2.35,1.73368963946815,0.6163103605318501,-26.225972788589363
FT-109,longitudinal,Framed Tube,Low-Intensity,1.96,1.6870143239642514,0.2729856760357485,-13.927840614068803
FT-110,transverse,Framed Tube,Low-Intensity,1.6,1.8287339362805557,-0.2287339362805556,14.295871017534724
FT-110,longitudinal,Framed Tube,Low-Intensity,1.24,1.810937200422502,-0.570937200422502,46.0433226147179
FT-111,transverse,Framed Tube,Low-Intensity,2.07,1.9551060453121556,0.11489395468784425,-5.550432593615665
FT-111,longitudinal,Framed Tube,Low-Intensity,1.94,1.828540180113826,0.11145981988617404,-5.745351540524435
FT-112,transverse,Framed Tube,Low-Intensity,2.36,2.031024534251747,0.3289754657482531,-13.939638379163268
FT-112,longitudinal,Framed Tube,Low-Intensity,2.03,1.9460974103866042,0.08390258961339558,-4.133132493270719
FT-113,transverse,Framed Tube,Low-Intensity,2.65,2.282630692313152,0.36736930768684806,-13.862992742899928
FT-113,longitudinal,Framed Tube,Low-Intensity,2.13,2.0231264873440007,0.1068735126559992,-5.017535805445973
FT-114,transverse,Framed Tube,Low-Intensity,2.78,2.134627836292409,0.6453721637075907,-23.21482603264715
FT-114,longitudinal,Framed Tube,Low-Intensity,2.14,2.0913555052587953,0.0486444947412048,-2.2731072308974207
FT-115,transverse,Framed Tube,Low-Intensity,2.13,2.37206882638147,-0.2420688263814701,11.364733632932868
FT-115,longitudinal,Framed Tube,Low-Intensity,1.84,2.244478774837808,-0.40447877483780803,21.982542110750433
FT-116,transverse,Framed Tube,Low-Intensity,2.91,2.37206882638147,0.5379311736185302,-18.48560734084296
FT-116,longitudinal,Framed Tube,Low-Intensity,2.7,2.097292072946376,0.6027079270536242,-22.322515816800895
FT-117,transverse,Framed Tube,Low-Intensity,2.44,2.3280096906737935,0.11199030932620646,-4.5897667756641995
FT-117,longitudinal,Framed Tube,Low-Intensity,2.14,2.1197011792236484,0.0202988207763517,-0.9485430269323224
FT-118,transverse,Framed Tube,Low-Intensity,2.51,2.360466614243679,0.14953338575632058,-5.95750540861835
FT-118,longitudinal,Framed Tube,Low-Intensity,2.32,2.193863295458864,0.1261367045411359,-5.436926919876548
FT-119,transverse,Framed Tube,Low-Intensity,2.19,2.6143652216488578,-0.4243652216488578,19.377407381226384
FT-119,longitudinal,Framed Tube,Low-Intensity,1.9,2.286158498110286,-0.3861584981102859,20.32413147948873
FT-120,transverse,Framed Tube,Low-Intensity,2.44,2.355708443518426,0.08429155648157405,-3.454571986949756
FT-120,longitudinal,Framed Tube,Low-Intensity,2.39,2.298131384373573,0.09186861562642701,-3.843875130812845
FT-121,transverse,Framed Tube,Low-Intensity,2.23,2.8947258706736876,-0.6647258706736876,29.808335007788685
FT-121,longitudinal,Framed Tube,Low-Intensity,1.72,2.4559244478245144,-0.7359244478245144,42.78630510607642
FT-122,transverse,Framed Tube,Low-Intensity,2.58,2.479842227415751,0.10015777258424885,-3.8820842086918157
FT-122,longitudinal,Framed Tube,Low-Intensity,2.51,2.2861075112602993,0.22389248873970047,-8.920019471701215
FT-123,transverse,Framed Tube,Low-Intensity,3.19,2.796202413695133,0.39379758630486705,-12.344751921782667
FT-123,longitudinal,Framed Tube,Low-Intensity,2.44,2.4243155177362716,0.015684482263728317,-0.6428066501527999
FT-124,transverse,Framed Tube,Low-Intensity,2.46,2.632161223816376,-0.1721612238163761,6.998423732373013
FT-124,longitudinal,Framed Tube,Low-Intensity,2.25,2.582254265865297,-0.33225426586529716,14.766856260679873
FT-125,transverse,Framed Tube,Low-Intensity,2.87,2.5511633083308114,0.3188366916691887,-11.109292392654659
FT-125,longitudinal,Framed Tube,Low-Intensity,2.61,2.4712932191976433,0.13870678080235654,-5.314436046067301
FT-126,transverse,Framed Tube,Low-Intensity,2.58,2.6634259932336954,-0.08342599323369537,3.233565629212999
FT-126,longitudinal,Framed Tube,Low-Intensity,2.0,2.3947034399706757,-0.3947034399706757,19.735171998533787
FT-127,transverse,Framed Tube,Low-Intensity,2.44,2.587124511741882,-0.147124511741882,6.029693104175492
FT-127,longitudinal,Framed Tube,Low-Intensity,2.17,2.561947327322692,-0.3919473273226921,18.06208881671392
FT-128,transverse,Framed Tube,Low-Intensity,2.9,3.263087760804487,-0.3630877608044871,12.520267613947832
FT-128,longitudinal,Framed Tube,Low-Intensity,2.21,2.4770443620176765,-0.26704436201767656,12.083455294917492
FT-129,transverse,Framed Tube,Low-Intensity,3.41,2.8333987183068636,0.5766012816931365,-16.909128495399898
FT-129,longitudinal,Framed Tube,Low-Intensity,3.32,2.6402596198985697,0.6797403801014301,-20.474107834380423
FT-130,transverse,Framed Tube,Low-Intensity,3.43,2.9505079685687225,0.4794920314312776,-13.979359516946868
FT-130,longitudinal,Framed Tube,Low-Intensity,3.41,2.5789465696590668,0.8310534303409334,-24.37106833844379
FT-131,transverse,Framed Tube,Low-Intensity,2.26,2.6987130857588344,-0.4387130857588346,19.4120834406564
FT-131,longitudinal,Framed Tube,Low-Intensity,2.22,2.6987130857588344,-0.4787130857588342,21.563652511659196
FT-132,transverse,Framed Tube,Low-Intensity,3.38,2.6742256973036858,0.7057743026963141,-20.880896529476747
FT-132,longitudinal,Framed Tube,Low-Intensity,2.88,2.6742256973036858,0.20577430269631414,-7.144941065844241
FT-133,transverse,Framed Tube,Low-Intensity,2.97,2.9175870562207704,0.05241294377922978,-1.7647455817922484
FT-133,longitudinal,Framed Tube,Low-Intensity,2.73,2.6309792771752694,0.09902072282473062,-3.627132704202587
FT-134,transverse,Framed Tube,Low-Intensity,3.11,2.9806189910952994,0.1293810089047005,-4.160161058028955
FT-134,longitudinal,Framed Tube,Low-Intensity,2.6,2.8571058665224407,-0.2571058665224406,9.888687173940022
FT-135,transverse,Framed Tube,Low-Intensity,2.99,3.319893754060678,-0.32989375406067767,11.033235921761793
FT-135,longitudinal,Framed Tube,Low-Intensity,2.66,3.092323142029047,-0.432323142029047,16.25274970034011
FT-136,transverse,Framed Tube,Low-Intensity,3.37,3.254110574833321,0.11588942516667933,-3.438855346192265
FT-136,longitudinal,Framed Tube,Low-Intensity,2.5,2.7806792838136647,-0.2806792838136647,11.227171352546588
FT-137,transverse,Framed Tube,Low-Intensity,2.81,3.383695796133419,-0.573695796133419,20.41622050296865
FT-137,longitudinal,Framed Tube,Low-Intensity,2.11,2.697842207708673,-0.5878422077086731,27.859820270553232
FT-138,transverse,Framed Tube,Low-Intensity,2.9,3.335555161927617,-0.435555161927617,15.019143514745414
FT-138,longitudinal,Framed Tube,Low-Intensity,2.2,2.8502747296056277,-0.6502747296056275,29.557942254801247
FT-139,transverse,Framed Tube,Low-Intensity,3.49,3.272455138159981,0.2175448618400191,-6.233377130086507
FT-139,longitudinal,Framed Tube,Low-Intensity,3.27,3.174491415774283,0.09550858422571684,-2.9207518111840014
FT-140,transverse,Framed Tube,Low-Intensity,3.88,3.4862606661833127,0.39373933381668724,-10.147920974656888
FT-140,longitudinal,Framed Tube,Low-Intensity,2.17,2.809614495702351,-0.6396144957023511,29.475322382596822
FT-141,transverse,Framed Tube,Low-Intensity,2.92,3.514059747156664,-0.5940597471566642,20.344511888926856
FT-141,longitudinal,Framed Tube,Low-Intensity,2.28,2.8320180702908915,-0.5520180702908917,24.21131887240753
FT-142,transverse,Framed Tube,Low-Intensity,3.72,2.943308992659837,0.7766910073401632,-20.878790519896857
FT-142,longitudinal,Framed Tube,Low-Intensity,3.44,2.943308992659837,0.4966910073401629,-14.438692073841946
FT-143,transverse,Framed Tube,Low-Intensity,4.27,3.1269257274222233,1.1430742725777763,-26.769889287535747
FT-143,longitudinal,Framed Tube,Low-Intensity,3.54,2.8892242658447547,0.6507757341552454,-18.383495315119927
FT-144,transverse,Framed Tube,Low-Intensity,3.06,3.6207301034407395,-0.5607301034407395,18.324513184337892
FT-144,longitudinal,Framed Tube,Low-Intensity,2.26,2.966609726512934,-0.7066097265129341,31.265917102342218
FT-145,transverse,Framed Tube,Low-Intensity,3.4,3.299091687439329,0.10090831256067112,-2.967891545902092
FT-145,longitudinal,Framed Tube,Low-Intensity,3.01,2.995126654144379,0.014873345855620723,-0.49413109154886126
FT-146,transverse,Framed Tube,Low-Intensity,3.65,3.4934281176310957,0.15657188236890418,-4.28964061284669
FT-146,longitudinal,Framed Tube,Low-Intensity,3.39,3.01326103629054,0.37673896370946025,-11.113243767240714
FT-147,transverse,Framed Tube,Low-Intensity,3.79,3.0887548527385804,0.7012451472614196,-18.502510481831653
FT-147,longitudinal,Framed Tube,Low-Intensity,3.17,2.8880573721013056,0.2819426278986943,-8.894089208160702
FT-148,transverse,Framed Tube,Low-Intensity,3.58,3.2570559414949023,0.3229440585050978,-9.020783757125635
FT-148,longitudinal,Framed Tube,Low-Intensity,2.4,2.9595988225952867,-0.5595988225952868,23.31661760813695
FT-149,transverse,Framed Tube,Low-Intensity,2.79,3.0573045017560987,-0.26730450175609866,9.580806514555508
FT-149,longitudinal,Framed Tube,Low-Intensity,2.46,3.0275516549499333,-0.5675516549499333,23.07120548576965
FT-150,transverse,Framed Tube,Low-Intensity,3.02,3.1462812990348406,-0.12628129903484053,4.181499968041077
FT-150,longitudinal,Framed Tube,Low-Intensity,2.44,2.9217925748081535,-0.4817925748081535,19.745597328203015
FT-151,transverse,Framed Tube,Low-Intensity,3.53,3.430447039312631,0.09955296068736885,-2.820197186611016
FT-151,longitudinal,Framed Tube,Low-Intensity,3.29,3.129235860410916,0.1607641395890842,-4.886448011826267
FT-152,transverse,Framed Tube,Low-Intensity,3.32,3.1462812990348406,0.1737187009651593,-5.2324909929264845
FT-152,longitudinal,Framed Tube,Low-Intensity,3.2,2.969819205163793,0.23018079483620735,-7.193149838631479
FT-153,transverse,Framed Tube,Low-Intensity,3.31,3.2064720294009597,0.1035279705990404,-3.127733250726296
FT-153,longitudinal,Framed Tube,Low-Intensity,3.18,2.9328333009253837,0.2471666990746164,-7.772537706748944
FT-154,transverse,Framed Tube,Low-Intensity,3.87,3.265012718372092,0.604987281627908,-15.632746295294782
FT-154,longitudinal,Framed Tube,Low-Intensity,2.92,3.0599781004987014,-0.13997810049870152,4.793770565024024
FT-155,transverse,Framed Tube,Low-Intensity,3.37,3.512301358707026,-0.1423013587070261,4.222592246499291
FT-155,longitudinal,Framed Tube,Low-Intensity,3.26,3.0155405489392137,0.24445945106078604,-7.498756167508775
FT-156,transverse,Framed Tube,Low-Intensity,3.36,3.2309744001193983,0.12902559988060158,-3.840047615494095
FT-156,longitudinal,Framed Tube,Low-Intensity,2.87,3.055221986002978,-0.1852219860029778,6.453727735295392
FT-157,transverse,Framed Tube,Low-Intensity,3.39,3.4292770350057817,-0.03927703500578161,1.1586146019404606
FT-157,longitudinal,Framed Tube,Low-Intensity,3.13,3.2015242716528465,-0.07152427165284658,2.285120500090945
FT-158,transverse,Framed Tube,Low-Intensity,3.87,3.709206415874089,0.16079358412591116,-4.154872974829746
FT-158,longitudinal,Framed Tube,Low-Intensity,2.62,2.8928659431919486,-0.27286594319194846,10.41473065618124
FT-159,transverse,Framed Tube,Low-Intensity,3.47,3.2554936749801864,0.21450632501981381,-6.181738473193481
FT-159,longitudinal,Framed Tube,Low-Intensity,3.27,3.064755592479788,0.20524440752021222,-6.276587385939211
FT-160,transverse,Framed Tube,Low-Intensity,3.08,3.218963476592897,-0.1389634765928971,4.511801188081074
FT-160,longitudinal,Framed Tube,Low-Intensity,2.83,3.0514327876655876,-0.2214327876655875,7.82448012952606
FT-161,transverse,Framed Tube,Low-Intensity,3.92,3.314929354108848,0.6050706458911521,-15.435475660488574
FT-161,longitudinal,Framed Tube,Low-Intensity,3.61,3.121494141616216,0.488505858383784,-13.532018237777951
FT-162,transverse,Framed Tube,Low-Intensity,3.52,3.63570906670493,-0.11570906670492986,3.2871893950264166
FT-162,longitudinal,Framed Tube,Low-Intensity,2.77,3.1845964252826526,-0.4145964252826526,14.967379974102982
FT-163,transverse,Framed Tube,Low-Intensity,3.0,3.299330294301701,-0.2993302943017011,9.977676476723369
FT-163,longitudinal,Framed Tube,Low-Intensity,2.81,3.2613391243995227,-0.4513391243995226,16.061890548025715
FT-164,transverse,Framed Tube,Low-Intensity,3.21,3.507966255972388,-0.2979662559723879,9.282437880759748
FT-164,longitudinal,Framed Tube,Low-Intensity,2.63,3.0485230473291742,-0.41852304732917434,15.913423852820317
FT-165,transverse,Framed Tube,Low-Intensity,3.79,3.299330294301701,0.49066970569829893,-12.946430229506568
FT-165,longitudinal,Framed Tube,Low-Intensity,3.14,3.1157105281033424,0.024289471896657755,-0.7735500604031131
FT-166,transverse,Framed Tube,Low-Intensity,4.14,3.596527390119874,0.5434726098801255,-13.12735772657308
FT-166,longitudinal,Framed Tube,Low-Intensity,3.21,3.3399133849760814,-0.1299133849760814,4.047145949410636
FT-167,transverse,Framed Tube,Low-Intensity,4.22,3.805768732263264,0.4142312677367359,-9.815906818406065
FT-167,longitudinal,Framed Tube,Low-Intensity,3.07,3.2857519868724174,-0.2157519868724176,7.027752015388195
FT-168,transverse,Framed Tube,Low-Intensity,3.09,3.6905310944006025,-0.6005310944006026,19.43466324921044
FT-168,longitudinal,Framed Tube,Low-Intensity,2.61,3.344124538026228,-0.734124538026228,28.12737693587081
FT-169,transverse,Framed Tube,Low-Intensity,3.42,3.368987897686904,0.05101210231309583,-1.4915819389794103
FT-169,longitudinal,Framed Tube,Low-Intensity,3.17,3.0941781127500647,0.07582188724993522,-2.3918576419537922
FT-170,transverse,Framed Tube,Low-Intensity,4.08,3.134098200707123,0.9459017992928769,-23.183867629727374
FT-170,longitudinal,Framed Tube,Low-Intensity,4.04,3.134098200707123,0.9059017992928768,-22.423311863685072
FT-171,transverse,Framed Tube,Low-Intensity,3.8,3.5331204337112365,0.2668795662887633,-7.023146481283245
FT-171,longitudinal,Framed Tube,Low-Intensity,3.55,2.9197065294318376,0.6302934705681622,-17.754745649807386
FT-172,transverse,Framed Tube,Low-Intensity,2.64,3.368987897686904,-0.728987897686904,27.613177942685752
FT-172,longitudinal,Framed Tube,Low-Intensity,2.54,3.368987897686904,-0.8289878976869041,32.637318806571024
FT-173,transverse,Framed Tube,Low-Intensity,4.58,3.6190273440918332,0.9609726559081668,-20.981935718518926
FT-173,longitudinal,Framed Tube,Low-Intensity,2.89,3.120473956509963,-0.23047395650996272,7.974877387887983
FT-174,transverse,Framed Tube,Low-Intensity,4.43,3.6457539432859436,0.7842460567140561,-17.70307125765364
FT-174,longitudinal,Framed Tube,Low-Intensity,3.64,3.2472961821338107,0.39270381786618946,-10.788566424895315
FT-175,transverse,Framed Tube,Low-Intensity,3.49,3.33462711472541,0.15537288527459037,-4.451945136807747
FT-175,longitudinal,Framed Tube,Low-Intensity,2.78,3.1713074891684943,-0.39130748916849445,14.075808962895483
FT-176,transverse,Framed Tube,Low-Intensity,3.04,3.353737751087375,-0.3137377510873751,10.320320759453129
FT-176,longitudinal,Framed Tube,Low-Intensity,2.92,3.1713074891684943,-0.2513074891684943,8.606420861934739
FT-177,transverse,Framed Tube,Low-Intensity,3.38,3.6156090322296155,-0.2356090322296156,6.970681426911704
FT-177,longitudinal,Framed Tube,Low-Intensity,2.56,3.2156943885323623,-0.6556943885323623,25.613062052045397
FT-178,transverse,Framed Tube,Low-Intensity,4.04,3.4594608805689737,0.5805391194310263,-14.369780183936296
FT-178,longitudinal,Framed Tube,Low-Intensity,3.94,3.263761616045103,0.6762383839548969,-17.16341076027657
FT-179,transverse,Framed Tube,Low-Intensity,4.37,3.745427258141787,0.6245727418582132,-14.29228242238474
FT-179,longitudinal,Framed Tube,Low-Intensity,2.5,3.263761616045103,-0.7637616160451031,30.55046464180412
FT-180,transverse,Framed Tube,Low-Intensity,3.62,3.4620264858150747,0.15797351418492545,-4.363909231627774
FT-180,longitudinal,Framed Tube,Low-Intensity,3.31,3.1530801626611686,0.1569198373388314,-4.7407805842547255
FT-181,transverse,Framed Tube,Low-Intensity,3.91,3.8377445423489025,0.07225545765109764,-1.8479656688260266
FT-181,longitudinal,Framed Tube,Low-Intensity,3.21,3.465086518120731,-0.25508651812073113,7.946620502203461
FT-182,transverse,Framed Tube,Low-Intensity,3.43,3.370770863005534,0.05922913699446619,-1.7267969969232124
FT-182,longitudinal,Framed Tube,Low-Intensity,3.04,3.199049381929883,-0.15904938192988283,5.231887563482988
FT-183,transverse,Framed Tube,Low-Intensity,3.63,3.6105636346788623,0.019436365321137572,-0.5354370611883629
FT-183,longitudinal,Framed Tube,Low-Intensity,2.66,3.318807714039144,-0.6588077140391437,24.767207294704647
FT-184,transverse,Framed Tube,Low-Intensity,3.41,3.665784350069862,-0.2557843500698618,7.50100733342703
FT-184,longitudinal,Framed Tube,Low-Intensity,2.77,3.1856714866343165,-0.4156714866343165,15.006190853224423
FT-185,transverse,Framed Tube,Low-Intensity,4.0,3.665784350069862,0.3342156499301381,-8.355391248253452
FT-185,longitudinal,Framed Tube,Low-Intensity,3.38,3.3024399295554296,0.07756007044457025,-2.2946766403719008
FT-186,transverse,Framed Tube,Low-Intensity,3.29,3.5852620446439056,-0.2952620446439056,8.974530232337557
FT-186,longitudinal,Framed Tube,Low-Intensity,3.17,3.195415014839749,-0.025415014839749173,0.8017354839037594
FT-187,transverse,Framed Tube,Low-Intensity,4.02,3.4522441906047976,0.567755809395202,-14.123278840676667
FT-187,longitudinal,Framed Tube,Low-Intensity,3.35,3.2499785734728257,0.10002142652717438,-2.9857142246917725
FT-188,transverse,Framed Tube,Low-Intensity,3.75,3.5852620446439056,0.16473795535609437,-4.393012142829183
FT-188,longitudinal,Framed Tube,Low-Intensity,2.73,3.3426762054695076,-0.6126762054695076,22.442351848699914
FT-189,transverse,Framed Tube,Low-Intensity,4.03,3.6921482584020864,0.33785174159791387,-8.383417905655431
FT-189,longitudinal,Framed Tube,Low-Intensity,3.47,3.5852620446439056,-0.11526204464390544,3.321672756308514
FT-190,transverse,Framed Tube,Low-Intensity,4.43,3.8829862248440987,0.547013775155901,-12.347940748440204
FT-190,longitudinal,Framed Tube,Low-Intensity,3.0,3.287780657979081,-0.28778065797908114,9.592688599302704
FT-191,transverse,Framed Tube,Low-Intensity,4.31,3.866552590273998,0.4434474097260015,-10.288803009884026
FT-191,longitudinal,Framed Tube,Low-Intensity,3.67,3.833333344445552,-0.16333334444555225,4.45049984865265
FT-192,transverse,Framed Tube,Low-Intensity,4.52,3.6621634866682715,0.8578365133317281,-18.97868392326832
FT-192,longitudinal,Framed Tube,Low-Intensity,3.13,3.277404397792651,-0.14740439779265113,4.709405680276394
FT-193,transverse,Framed Tube,Low-Intensity,3.73,3.5061985830694886,0.22380141693051137,-6.000037987413173
FT-193,longitudinal,Framed Tube,Low-Intensity,3.28,3.263954502176412,0.016045497823587773,-0.48919200681670044
FT-194,transverse,Framed Tube,Low-Intensity,4.31,3.9014338729188665,0.40856612708113316,-9.479492507682906
FT-194,longitudinal,Framed Tube,Low-Intensity,3.44,3.6374552297233596,-0.1974552297233596,5.739977608237198
FT-195,transverse,Framed Tube,Low-Intensity,4.18,4.04590477190145,0.13409522809855012,-3.208019810970099
FT-195,longitudinal,Framed Tube,Low-Intensity,3.48,3.860199631121192,-0.3801996311211919,10.925276756356089
FT-196,transverse,Framed Tube,Low-Intensity,3.63,4.04590477190145,-0.4159047719014497,11.457431732822306
FT-196,longitudinal,Framed Tube,Low-Intensity,2.7,3.2234167541338725,-0.5234167541338723,19.385805708661938
FT-197,transverse,Framed Tube,Low-Intensity,3.52,3.7685678769971687,-0.24856787699716865,7.0615874146922915
FT-197,longitudinal,Framed Tube,Low-Intensity,2.61,3.3731125249273215,-0.7631125249273216,29.238027774993167
FT-198,transverse,Framed Tube,Low-Intensity,3.25,3.5510068509879438,-0.3010068509879438,9.261749261167502
FT-198,longitudinal,Framed Tube,Low-Intensity,3.08,3.286830242288806,-0.20683024228880598,6.715267606779415
FT-199,transverse,Framed Tube,Low-Intensity,3.72,3.555361203220431,0.16463879677956905,-4.425774106977662
FT-199,longitudinal,Framed Tube,Low-Intensity,3.3,3.497865441191904,-0.19786544119190408,5.99592246036073
FT-200,transverse,Framed Tube,Low-Intensity,4.32,3.739541609227142,0.5804583907728582,-13.43653682344579
FT-200,longitudinal,Framed Tube,Low-Intensity,3.88,3.3966036372018347,0.4833963627981652,-12.45866914428261
FT-201,transverse,Framed Tube,Low-Intensity,2.56,3.503886473332381,-0.9438864733323808,36.870565364546124
FT-201,longitudinal,Framed Tube,Low-Intensity,2.4,3.503886473332381,-1.103886473332381,45.99526972218254
FT-202,transverse,Framed Tube,Low-Intensity,4.59,3.7139839272748647,0.8760160727251352,-19.08531748856504
FT-202,longitudinal,Framed Tube,Low-Intensity,4.32,3.5220721057367452,0.797927894263255,-18.470553107945715
FT-203,transverse,Framed Tube,Low-Intensity,3.79,3.908314836717652,-0.11831483671765186,3.1217635017850096
FT-203,longitudinal,Framed Tube,Low-Intensity,2.99,3.398005916315072,-0.408005916315072,13.645682819902074
FT-204,transverse,Framed Tube,Low-Intensity,4.38,4.065753059339758,0.31424694066024195,-7.174587686306894
FT-204,longitudinal,Framed Tube,Low-Intensity,3.44,3.7419027900501876,-0.3019027900501876,8.77624389680778
FT-205,transverse,Framed Tube,Low-Intensity,4.65,3.870978815653464,0.7790211843465364,-16.753143749387878
FT-205,longitudinal,Framed Tube,Low-Intensity,3.46,3.3234886163028157,0.1365113836971843,-3.9454157137914536
FT-206,transverse,Framed Tube,Low-Intensity,4.08,3.9494200498394356,0.13057995016056445,-3.2004889745236382
FT-206,longitudinal,Framed Tube,Low-Intensity,3.38,3.442695696854556,-0.062695696854556,1.8549022738034322
FT-207,transverse,Framed Tube,Low-Intensity,3.69,4.036402413336716,-0.34640241333671584,9.387599277417774
FT-207,longitudinal,Framed Tube,Low-Intensity,3.28,3.636323151770515,-0.356323151770515,10.863510724710823
FT-208,transverse,Framed Tube,Low-Intensity,3.79,3.6543457517059905,0.13565424829400952,-3.5792677650134435
FT-208,longitudinal,Framed Tube,Low-Intensity,3.59,3.6543457517059905,-0.06434575170599066,1.7923607717546146
FT-209,transverse,Framed Tube,Low-Intensity,4.0,3.9755987741738807,0.024401225826119255,-0.6100306456529814
FT-209,longitudinal,Framed Tube,Low-Intensity,3.1,3.6543457517059905,-0.5543457517059904,17.882121022773884
FT-210,transverse,Framed Tube,Low-Intensity,4.33,4.102750315081472,0.2272496849185277,-5.248260621675005
FT-210,longitudinal,Framed Tube,Low-Intensity,3.31,3.6543457517059905,-0.34434575170599047,10.403194915588836
FT-211,transverse,Framed Tube,Low-Intensity,3.88,3.6602821392743516,0.21971786072564825,-5.662831462001244
FT-211,longitudinal,Framed Tube,Low-Intensity,3.26,3.516370990473992,-0.25637099047399214,7.864140812085649
FT-212,transverse,Framed Tube,Low-Intensity,3.99,4.12978249550871,-0.13978249550870991,3.503320689441351
FT-212,longitudinal,Framed Tube,Low-Intensity,2.82,3.6602821392743516,-0.8402821392743518,29.797238981359992
FT-213,transverse,Framed Tube,Low-Intensity,3.84,4.47776569259217,-0.6377656925921702,16.6084815779211
FT-213,longitudinal,Framed Tube,Low-Intensity,2.73,3.6970749538044534,-0.9670749538044534,35.42399098184811
FT-214,transverse,Framed Tube,Low-Intensity,4.34,3.9190422865972914,0.4209577134027085,-9.699486483933375
FT-214,longitudinal,Framed Tube,Low-Intensity,4.08,3.592147685633697,0.48785231436630294,-11.957164567801543
FT-215,transverse,Framed Tube,Low-Intensity,4.76,3.9200380005533777,0.8399619994466221,-17.646260492576094
FT-215,longitudinal,Framed Tube,Low-Intensity,4.29,3.6967092863888578,0.5932907136111423,-13.82962036389609
FT-216,transverse,Framed Tube,Low-Intensity,3.96,3.8964799687342935,0.06352003126570649,-1.6040411935784467
FT-216,longitudinal,Framed Tube,Low-Intensity,3.54,3.6629727651593695,-0.1229727651593695,3.4738069254059183
FT-217,transverse,Framed Tube,Low-Intensity,4.63,3.8516127322626112,0.7783872677373886,-16.811820037524594
FT-217,longitudinal,Framed Tube,Low-Intensity,3.88,3.6967092863888578,0.18329071361114213,-4.723987464204694
FT-218,transverse,Framed Tube,Low-Intensity,4.9,3.873686195891677,1.0263138041083235,-20.94517967568007
FT-218,longitudinal,Framed Tube,Low-Intensity,3.22,3.615397818424612,-0.39539781842461164,12.279435354801604
FT-219,transverse,Framed Tube,Low-Intensity,4.58,4.080469642586875,0.4995303574131249,-10.906776362731984
FT-219,longitudinal,Framed Tube,Low-Intensity,3.6,4.022942562634423,-0.422942562634423,11.74840451762286
FT-220,transverse,Framed Tube,Low-Intensity,4.25,4.313362161571985,-0.06336216157198482,1.4908743899290546
FT-220,longitudinal,Framed Tube,Low-Intensity,3.18,3.654239086926469,-0.474239086926469,14.91317883416569
FT-221,transverse,Framed Tube,Low-Intensity,4.02,3.8137090157758147,0.2062909842241849,-5.131616522989675
FT-221,longitudinal,Framed Tube,Low-Intensity,3.83,3.794017564784466,0.035982435215534014,-0.9394891701183815
FT-222,transverse,Framed Tube,Low-Intensity,4.38,4.4703710750383445,-0.09037107503834463,2.0632665533868635
FT-222,longitudinal,Framed Tube,Low-Intensity,3.11,3.474818727066825,-0.36481872706682505,11.730505693467045
FT-223,transverse,Framed Tube,Low-Intensity,4.91,4.196208434160961,0.7137915658390392,-14.537506432566989
FT-223,longitudinal,Framed Tube,Low-Intensity,4.38,3.92355213700669,0.45644786299330997,-10.421184086605251
FT-224,transverse,Framed Tube,Low-Intensity,4.12,4.340955622336092,-0.220955622336092,5.363000542138155
FT-224,longitudinal,Framed Tube,Low-Intensity,3.16,3.7802895539794426,-0.6202895539794424,19.629416265172228
FT-225,transverse,Framed Tube,Low-Intensity,5.0,4.100646042347858,0.8993539576521421,-17.987079153042842
FT-225,longitudinal,Framed Tube,Low-Intensity,4.46,3.584246223686387,0.875753776313613,-19.635734894924056
FT-226,transverse,Framed Tube,Low-Intensity,4.68,3.995753869847923,0.6842461301520766,-14.620643806668303
FT-226,longitudinal,Framed Tube,Low-Intensity,4.43,3.7010064346165,0.7289935653834996,-16.455836690372454
FT-227,transverse,Framed Tube,Low-Intensity,4.46,3.8668729143693863,0.5931270856306137,-13.298813579161742
FT-227,longitudinal,Framed Tube,Low-Intensity,4.0,3.6930251735883086,0.3069748264116914,-7.6743706602922845
FT-228,transverse,Framed Tube,Low-Intensity,4.35,4.021986986805057,0.32801301319494236,-7.540529038964193
FT-228,longitudinal,Framed Tube,Low-Intensity,3.5,3.764190891230358,-0.2641908912303581,7.548311178010231
FT-229,transverse,Framed Tube,Low-Intensity,4.8,3.9984590183594815,0.8015409816405183,-16.698770450844133
FT-229,longitudinal,Framed Tube,Low-Intensity,4.14,3.6715011996710003,0.4684988003289994,-11.316396143212547
FT-230,transverse,Framed Tube,Low-Intensity,4.07,3.9984590183594815,0.07154098164051881,-1.7577636766712237
FT-230,longitudinal,Framed Tube,Low-Intensity,3.6,3.7009942744661224,-0.1009942744661223,2.8053965129478415
FT-231,transverse,Framed Tube,Low-Intensity,4.59,4.37378632348085,0.2162136765191498,-4.7105376147962925
FT-231,longitudinal,Framed Tube,Low-Intensity,3.39,3.857846787208106,-0.467846787208106,13.80079018312997
FT-232,transverse,Framed Tube,Low-Intensity,3.07,4.565728876944224,-1.495728876944224,48.7208103239161
FT-232,longitudinal,Framed Tube,Low-Intensity,2.48,3.747282899238613,-1.2672828992386131,51.10011690478279
FT-233,transverse,Framed Tube,Low-Intensity,4.84,4.521296458859542,0.31870354114045796,-6.584783907860702
FT-233,longitudinal,Framed Tube,Low-Intensity,3.02,3.5975113258342137,-0.5775113258342137,19.122891583914363
FT-234,transverse,Framed Tube,Low-Intensity,4.35,4.290943181233949,0.05905681876605051,-1.3576280176103568
FT-234,longitudinal,Framed Tube,Low-Intensity,3.48,4.00596353189663,-0.5259635318966303,15.113894594730755
FT-235,transverse,Framed Tube,Low-Intensity,4.57,4.418560779377024,0.15143922062297666,-3.313768503785047
FT-235,longitudinal,Framed Tube,Low-Intensity,4.03,4.098533320161728,-0.06853332016172775,1.7005786640627232
FT-236,transverse,Framed Tube,Low-Intensity,4.38,3.9885753524075245,0.3914246475924754,-8.936635789782544
FT-236,longitudinal,Framed Tube,Low-Intensity,3.75,3.893209632142279,-0.1432096321422791,3.8189235237941097
FT-237,transverse,Framed Tube,Low-Intensity,4.18,4.14757560346725,0.03242439653274953,-0.7757032663337209
FT-237,longitudinal,Framed Tube,Low-Intensity,3.82,4.009276583947999,-0.1892765839479993,4.954884396544483
FT-238,transverse,Framed Tube,Low-Intensity,4.36,4.012956739036024,0.347043260963976,-7.9597078202746765
FT-238,longitudinal,Framed Tube,Low-Intensity,4.06,3.899279805746159,0.16072019425384054,-3.9586254742325266
FT-239,transverse,Framed Tube,Low-Intensity,4.13,4.225734200838641,-0.09573420083864104,2.318019390766127
FT-239,longitudinal,Framed Tube,Low-Intensity,3.63,3.973020309598818,-0.34302030959881824,9.449595305752569
FT-240,transverse,Framed Tube,Low-Intensity,4.65,4.147851111559934,0.5021488884400664,-10.798900826668095
FT-240,longitudinal,Framed Tube,Low-Intensity,3.55,3.8651121455109774,-0.31511214551097755,8.87639846509796
FT-241,transverse,Framed Tube,Low-Intensity,4.51,4.102101805973984,0.407898194026016,-9.04430585423539
FT-241,longitudinal,Framed Tube,Low-Intensity,4.3,3.97789128356752,0.3221087164324796,-7.49090038215069
FT-242,transverse,Framed Tube,Low-Intensity,4.41,4.102101805973984,0.30789819402601637,-6.981818458639827
FT-242,longitudinal,Framed Tube,Low-Intensity,4.02,3.9971723958759204,0.022827604124079137,-0.56785084885769
FT-243,transverse,Framed Tube,Low-Intensity,4.14,3.959114881417933,0.1808851185820668,-4.3692057628518555
FT-243,longitudinal,Framed Tube,Low-Intensity,4.0,3.9229836217219853,0.07701637827801466,-1.9254094569503666
FT-244,transverse,Framed Tube,Low-Intensity,4.43,4.079878070103873,0.3501219298961269,-7.903429568761329
FT-244,longitudinal,Framed Tube,Low-Intensity,4.37,4.016983462152835,0.35301653784716525,-8.07818164409989
FT-245,transverse,Framed Tube,Low-Intensity,3.8,4.429449400959323,-0.6294494009593228,16.56445791998218
FT-245,longitudinal,Framed Tube,Low-Intensity,2.9,4.0412685925713765,-1.1412685925713766,39.354089399012985
FT-246,transverse,Framed Tube,Low-Intensity,4.67,3.983050160749577,0.6869498392504227,-14.70984666489128
FT-246,longitudinal,Framed Tube,Low-Intensity,3.95,3.863230999931404,0.08676900006859611,-2.1966835460404077
FT-247,transverse,Framed Tube,Low-Intensity,4.42,4.499634897906223,-0.07963489790622269,1.8016945227652192
FT-247,longitudinal,Framed Tube,Low-Intensity,3.24,3.9467004654135103,-0.7067004654135101,21.811742759676235
FT-248,transverse,Framed Tube,Low-Intensity,4.33,4.026002017051487,0.30399798294851266,-7.02073863622431
FT-248,longitudinal,Framed Tube,Low-Intensity,3.79,3.9024740135828844,-0.11247401358288434,2.9676520734270273
FT-249,transverse,Framed Tube,Low-Intensity,4.22,4.591725003850406,-0.37172500385040586,8.808649380341372
FT-249,longitudinal,Framed Tube,Low-Intensity,4.02,3.8342688778217062,0.18573112217829335,-4.620177168614262
FT-250,transverse,Framed Tube,Low-Intensity,4.44,4.17654157537995,0.2634584246200502,-5.933748302253383
FT-250,longitudinal,Framed Tube,Low-Intensity,4.06,3.9764598894791594,0.0835401105208402,-2.057638190168478
FT-251,transverse,Framed Tube,Low-Intensity,4.63,4.1181306426017015,0.5118693573982984,-11.055493680308821
FT-251,longitudinal,Framed Tube,Low-Intensity,4.6,4.078921471480537,0.521078528519463,-11.327794098249198
FT-252,transverse,Framed Tube,Low-Intensity,4.13,4.465002894437473,-0.3350028944374728,8.111450228510236
FT-252,longitudinal,Framed Tube,Low-Intensity,3.68,4.251102160888642,-0.5711021608886422,15.519080458930494
FT-253,transverse,Framed Tube,Low-Intensity,4.84,4.32450794300194,0.5154920569980597,-10.650662334670654
FT-253,longitudinal,Framed Tube,Low-Intensity,4.43,4.053439092575322,0.37656090742467807,-8.500246217261358
FT-254,transverse,Framed Tube,Low-Intensity,4.26,4.166605064028358,0.0933949359716415,-2.1923693890056692
FT-254,longitudinal,Framed Tube,Low-Intensity,4.12,4.126934362652408,-0.006934362652407877,0.16830977311669604
FT-255,transverse,Framed Tube,Low-Intensity,4.37,4.701050903833761,-0.331050903833761,7.575535556836636
FT-255,longitudinal,Framed Tube,Low-Intensity,3.91,4.252816477230753,-0.3428164772307527,8.767684839661193
FT-256,transverse,Framed Tube,Low-Intensity,4.43,4.517280632625532,-0.0872806326255322,1.9702174407569348
FT-256,longitudinal,Framed Tube,Low-Intensity,3.3,4.077036768270611,-0.7770367682706114,23.546568735473077
FT-257,transverse,Framed Tube,Low-Intensity,3.76,4.349683684797983,-0.5896836847979836,15.683076723350627
FT-257,longitudinal,Framed Tube,Low-Intensity,2.96,4.150959901579094,-1.1909599015790944,40.23513181010454
FT-258,transverse,Framed Tube,Low-Intensity,5.47,4.797014242035357,0.6729857579646428,-12.303213125496212
FT-258,longitudinal,Framed Tube,Low-Intensity,4.29,4.483244744158475,-0.19324474415847526,4.504539490873549
FT-259,transverse,Framed Tube,Low-Intensity,4.27,4.325781825841308,-0.05578182584130875,1.3063659447613292
FT-259,longitudinal,Framed Tube,Low-Intensity,3.97,4.325781825841308,-0.35578182584130813,8.961758837312548
FT-260,transverse,Framed Tube,Low-Intensity,4.72,4.350701216944706,0.36929878305529407,-7.824126759646061
FT-260,longitudinal,Framed Tube,Low-Intensity,4.38,4.089514628730882,0.290485371269118,-6.632086102034657
FT-261,transverse,Framed Tube,Low-Intensity,5.56,4.400074867728414,1.159925132271586,-20.861962810640037
FT-261,longitudinal,Framed Tube,Low-Intensity,5.12,4.040276536868255,1.079723463131745,-21.088348889291893
FT-262,transverse,Framed Tube,Low-Intensity,5.94,4.732813365938319,1.2071866340616815,-20.323007307435713
FT-262,longitudinal,Framed Tube,Low-Intensity,3.8,4.243140600198182,-0.44314060019818236,11.661594742057432
FT-263,transverse,Framed Tube,Low-Intensity,4.28,4.560764493855917,-0.2807644938559166,6.559918080745715
FT-263,longitudinal,Framed Tube,Low-Intensity,3.9,4.353596395142314,-0.4535963951423141,11.630676798520875
FT-264,transverse,Framed Tube,Low-Intensity,4.15,4.688094233548099,-0.5380942335480983,12.966126109592727
FT-264,longitudinal,Framed Tube,Low-Intensity,3.82,4.288014602951276,-0.46801460295127617,12.25169117673498
FT-265,transverse,Framed Tube,Low-Intensity,3.78,5.0707799433502485,-1.2907799433502487,34.14761754894838
FT-265,longitudinal,Framed Tube,Low-Intensity,3.05,4.02503567168754,-0.9750356716875404,31.968382678280012
FT-266,transverse,Framed Tube,Low-Intensity,5.24,4.4005788854535215,0.8394211145464787,-16.01948691882593
FT-266,longitudinal,Framed Tube,Low-Intensity,4.94,3.9961045029800535,0.9438954970199469,-19.10719629595034
FT-267,transverse,Framed Tube,Low-Intensity,4.83,4.714683051617651,0.11531694838234863,-2.3875144592618764
FT-267,longitudinal,Framed Tube,Low-Intensity,3.74,4.126096554074271,-0.3860965540742711,10.32343727471313
FT-268,transverse,Framed Tube,Low-Intensity,4.13,4.586631153386231,-0.4566311533862315,11.056444391918438
FT-268,longitudinal,Framed Tube,Low-Intensity,3.03,4.1952103315948905,-1.1652103315948907,38.45578652128353
FT-269,transverse,Framed Tube,Low-Intensity,4.77,4.475366129761829,0.29463387023817056,-6.176810696816993
FT-269,longitudinal,Framed Tube,Low-Intensity,3.49,4.1493779294293285,-0.6593779294293283,18.893350413447802
FT-270,transverse,Framed Tube,Low-Intensity,4.78,4.450508001619781,0.32949199838021936,-6.893138041427184
FT-270,longitudinal,Framed Tube,Low-Intensity,4.62,4.3157478347584215,0.3042521652415786,-6.585544702198671
FT-271,transverse,Framed Tube,Low-Intensity,4.4,4.7412855085321555,-0.3412855085321551,7.756488830276253
FT-271,longitudinal,Framed Tube,Low-Intensity,3.36,4.256176668572855,-0.8961766685728549,26.6719246599064
FT-272,transverse,Framed Tube,Low-Intensity,4.66,4.93532756102656,-0.2753275610265602,5.908316760226613
FT-272,longitudinal,Framed Tube,Low-Intensity,3.13,4.218881679354999,-1.0888816793549987,34.788552056070245
FT-273,transverse,Framed Tube,Low-Intensity,4.77,4.500488092707353,0.26951190729264685,-5.650144806973729
FT-273,longitudinal,Framed Tube,Low-Intensity,4.51,4.3039743800931225,0.2060256199068773,-4.568195563345395
FT-274,transverse,Framed Tube,Low-Intensity,4.69,4.934230821127746,-0.2442308211277453,5.207480194621435
FT-274,longitudinal,Framed Tube,Low-Intensity,3.79,4.347568341639125,-0.5575683416391248,14.71156574245712
FT-275,transverse,Framed Tube,Low-Intensity,4.63,4.934230821127746,-0.3042308211277458,6.570860067553905
FT-275,longitudinal,Framed Tube,Low-Intensity,3.94,4.347568341639125,-0.4075683416391249,10.344374153277283
FT-276,transverse,Framed Tube,Low-Intensity,4.96,4.934230821127746,0.025769178872254273,-0.5195398966180297
FT-276,longitudinal,Framed Tube,Low-Intensity,4.28,4.347568341639125,-0.06756834163912462,1.5786995710075844
FT-277,transverse,Framed Tube,Low-Intensity,4.32,4.847830480774362,-0.5278304807743615,12.218298166073183
FT-277,longitudinal,Framed Tube,Low-Intensity,4.18,4.5759354287865595,-0.39593542878655974,9.47213944465454
FT-278,transverse,Framed Tube,Low-Intensity,5.92,4.434119038272847,1.485880961727153,-25.099340569715423
FT-278,longitudinal,Framed Tube,Low-Intensity,5.02,4.313687324493041,0.7063126755069584,-14.069973615676464
FT-279,transverse,Framed Tube,High-Intensity,1.68,1.4661760358440965,0.21382396415590343,-12.727616914041871
FT-279,longitudinal,Framed Tube,High-Intensity,1.51,1.4364542952680932,0.0735457047319068,-4.870576472311709
FT-280,transverse,Framed Tube,High-Intensity,1.68,1.6073058937181048,0.0726941062818951,-4.32703013582709
FT-280,longitudinal,Framed Tube,High-Intensity,1.46,1.5378907987174795,-0.0778907987174795,5.334986213525993
FT-281,transverse,Framed Tube,High-Intensity,1.61,1.5791445077423523,0.030855492257647832,-1.9164902023383745
FT-281,longitudinal,Framed Tube,High-Intensity,1.29,1.509972561473916,-0.21997256147391586,17.05213654836557
FT-282,transverse,Framed Tube,High-Intensity,1.74,1.676619088711989,0.06338091128801104,-3.642581108506382
FT-282,longitudinal,Framed Tube,High-Intensity,1.45,1.520361959637191,-0.07036195963719094,4.852548940495927
FT-283,transverse,Framed Tube,High-Intensity,1.79,1.7172839546196046,0.07271604538039544,-4.0623489039327065
FT-283,longitudinal,Framed Tube,High-Intensity,1.4,1.5547382746828993,-0.15473827468289936,11.052733905921384
FT-284,transverse,Framed Tube,High-Intensity,2.11,1.6249138067351254,0.48508619326487445,-22.98986697937794
FT-284,longitudinal,Framed Tube,High-Intensity,1.98,1.5790810819595436,0.40091891804045643,-20.248430204063457
FT-285,transverse,Framed Tube,High-Intensity,1.74,1.6249092879132714,0.11509071208672861,-6.614408740616587
FT-285,longitudinal,Framed Tube,High-Intensity,1.51,1.589522458442091,-0.07952245844209105,5.266387976297421
FT-286,transverse,Framed Tube,High-Intensity,1.71,1.5690232503078676,0.14097674969213236,-8.244254367960957
FT-286,longitudinal,Framed Tube,High-Intensity,1.58,1.616882495746508,-0.036882495746507926,2.3343351738296154
FT-287,transverse,Framed Tube,High-Intensity,1.85,1.6538134842827028,0.19618651571729728,-10.604676525259313
FT-287,longitudinal,Framed Tube,High-Intensity,1.76,1.616882495746508,0.143117504253492,-8.13167637803932
FT-288,transverse,Framed Tube,High-Intensity,1.83,1.6271642386021516,0.20283576139784842,-11.083921387860569
FT-288,longitudinal,Framed Tube,High-Intensity,1.65,1.6271642386021516,0.022835761397848264,-1.3839855392635312
FT-289,transverse,Framed Tube,High-Intensity,2.55,1.7216125705689451,0.8283874294310547,-32.48578154631588
FT-289,longitudinal,Framed Tube,High-Intensity,2.32,1.6642061834972646,0.6557938165027353,-28.266974849255835
FT-290,transverse,Framed Tube,High-Intensity,1.92,1.8154203616878881,0.10457963831211181,-5.446856162089157
FT-290,longitudinal,Framed Tube,High-Intensity,1.67,1.7401916115674774,-0.07019161156747744,4.203090513022602
FT-291,transverse,Framed Tube,High-Intensity,1.72,1.9722576803919314,-0.2522576803919314,14.666144208833222
FT-291,longitudinal,Framed Tube,High-Intensity,1.4,1.716520241762012,-0.3165202417620121,22.608588697286578
FT-292,transverse,Framed Tube,High-Intensity,1.77,1.8810956764495486,-0.11109567644954854,6.276591889805002
FT-292,longitudinal,Framed Tube,High-Intensity,1.6,1.8553993115079594,-0.25539931150795936,15.96245696924746
FT-293,transverse,Framed Tube,High-Intensity,1.81,1.7785138836893346,0.031486116310665446,-1.7395644370533396
FT-293,longitudinal,Framed Tube,High-Intensity,1.78,1.716520241762012,0.06347975823798802,-3.5662785526959557
FT-294,transverse,Framed Tube,High-Intensity,1.8,1.846393592569731,-0.04639359256973097,2.5774218094294983
FT-294,longitudinal,Framed Tube,High-Intensity,1.75,1.856975212437465,-0.106975212437465,6.112869282140857
FT-295,transverse,Framed Tube,High-Intensity,2.13,1.9229206309153193,0.2070793690846806,-9.722036107262001
FT-295,longitudinal,Framed Tube,High-Intensity,2.09,1.855382784664401,0.23461721533559876,-11.225704083043002
FT-296,transverse,Framed Tube,High-Intensity,1.8,1.8764384759454622,-0.07643847594546216,4.24658199697012
FT-296,longitudinal,Framed Tube,High-Intensity,1.65,1.8764384759454622,-0.2264384759454623,13.723543996694685
FT-297,transverse,Framed Tube,High-Intensity,1.89,1.9428848537891967,-0.05288485378919683,2.7981404121268163
FT-297,longitudinal,Framed Tube,High-Intensity,1.89,1.7848389030846987,0.10516109691530118,-5.564079201867788
FT-298,transverse,Framed Tube,High-Intensity,2.1,1.907076194906705,0.1929238050932951,-9.18684786158548
FT-298,longitudinal,Framed Tube,High-Intensity,2.04,1.8178820501636275,0.22211794983637256,-10.888134795900616
FT-299,transverse,Framed Tube,High-Intensity,1.84,1.9154199598431045,-0.07541995984310446,4.098910861038285
FT-299,longitudinal,Framed Tube,High-Intensity,1.65,1.8454812916549417,-0.19548129165494177,11.847351009390412
FT-300,transverse,Framed Tube,High-Intensity,1.8,1.9901566075796855,-0.19015660757968544,10.564255976649191
FT-300,longitudinal,Framed Tube,High-Intensity,1.57,1.9901566075796855,-0.4201566075796854,26.7615673617634
FT-301,transverse,Framed Tube,High-Intensity,2.28,2.0794039737129313,0.20059602628706852,-8.7980713283802
FT-301,longitudinal,Framed Tube,High-Intensity,1.92,1.8838400118338403,0.03615998816615962,-1.88333271698748
FT-302,transverse,Framed Tube,High-Intensity,2.09,1.9712281651693462,0.11877183483065368,-5.682862910557593
FT-302,longitudinal,Framed Tube,High-Intensity,2.04,1.830580062250409,0.2094199377495911,-10.265683223019172
FT-303,transverse,Framed Tube,High-Intensity,1.93,1.8952353829545323,0.03476461704546763,-1.801275494583815
FT-303,longitudinal,Framed Tube,High-Intensity,1.87,1.855909372880039,0.014090627119961008,-0.7535094716556688
FT-304,transverse,Framed Tube,High-Intensity,1.87,2.1111184933839215,-0.24111849338392144,12.894037079354087
FT-304,longitudinal,Framed Tube,High-Intensity,1.65,1.978256244052052,-0.328256244052052,19.89431782133649
FT-305,transverse,Framed Tube,High-Intensity,2.37,2.2504589288620527,0.11954107113794743,-5.043927052234069
FT-305,longitudinal,Framed Tube,High-Intensity,1.99,2.1464378631642256,-0.1564378631642256,7.861199153981186
FT-306,transverse,Framed Tube,High-Intensity,2.15,2.1826664909242868,-0.03266649092428686,1.5193716708970635
FT-306,longitudinal,Framed Tube,High-Intensity,1.99,2.006293509877044,-0.016293509877044032,0.8187693405549765
FT-307,transverse,Framed Tube,High-Intensity,2.06,2.21604864874894,-0.1560486487489401,7.575177123734956
FT-307,longitudinal,Framed Tube,High-Intensity,1.93,1.8952285447756978,0.03477145522430214,-1.8016298043679866
FT-308,transverse,Framed Tube,High-Intensity,2.46,2.005614241260046,0.4543857587399538,-18.470965802437146
FT-308,longitudinal,Framed Tube,High-Intensity,2.13,1.9312033616421287,0.1987966383578712,-9.333175509759212
FT-309,transverse,Framed Tube,High-Intensity,2.71,2.2389330618176637,0.47106693818233625,-17.38254384436665
FT-309,longitudinal,Framed Tube,High-Intensity,2.21,2.170509969848417,0.03949003015158281,-1.7868791923793128
FT-310,transverse,Framed Tube,High-Intensity,2.3,2.4893227458513416,-0.1893227458513418,8.231423732667036
FT-310,longitudinal,Framed Tube,High-Intensity,1.88,2.283116314806445,-0.40311631480644516,21.442357170555596
FT-311,transverse,Framed Tube,High-Intensity,2.22,2.2330180176682277,-0.013018017668227522,0.586397192262501
FT-311,longitudinal,Framed Tube,High-Intensity,2.18,2.222477748636689,-0.04247774863668896,1.9485205796646312
FT-312,transverse,Framed Tube,High-Intensity,2.31,2.6397834470027046,-0.32978344700270457,14.276339697086776
FT-312,longitudinal,Framed Tube,High-Intensity,2.1,2.427340039146451,-0.32734003914645093,15.587620911735758
FT-313,transverse,Framed Tube,High-Intensity,2.36,2.402038742822473,-0.04203874282247311,1.7813026619691996
FT-313,longitudinal,Framed Tube,High-Intensity,2.09,2.402038742822473,-0.3120387428224731,14.93008338863508
FT-314,transverse,Framed Tube,High-Intensity,2.64,2.6831745846629325,-0.043174584662932336,1.6354009342019824
FT-314,longitudinal,Framed Tube,High-Intensity,2.24,2.513321800935826,-0.2733218009358258,12.201866113206508
FT-315,transverse,Framed Tube,High-Intensity,3.32,2.72970688415161,0.59029311584839,-17.779913127963553
FT-315,longitudinal,Framed Tube,High-Intensity,2.6,2.613453616762129,-0.013453616762129084,0.5174467985434262
FT-316,transverse,Framed Tube,High-Intensity,3.67,2.9802883585408013,0.6897116414591986,-18.793232737307864
FT-316,longitudinal,Framed Tube,High-Intensity,2.96,2.3961402731057313,0.5638597268942687,-19.049315097779346
FT-317,transverse,Framed Tube,High-Intensity,2.92,2.832257014901823,0.0877429850981768,-3.0048967499375614
FT-317,longitudinal,Framed Tube,High-Intensity,2.58,2.720901292800794,-0.14090129280079378,5.461290418635418
FT-318,transverse,Framed Tube,High-Intensity,3.01,2.853459925548005,0.15654007445199491,-5.200666925315446
FT-318,longitudinal,Framed Tube,High-Intensity,2.56,2.6165936128389387,-0.0565936128389386,2.210688001521039
FT-319,transverse,Framed Tube,High-Intensity,2.8,2.874819594713703,-0.07481959471370336,2.672128382632263
FT-319,longitudinal,Framed Tube,High-Intensity,2.46,2.663947780409801,-0.2039477804098011,8.290560179260208
FT-320,transverse,Framed Tube,High-Intensity,2.82,2.7334833969808425,0.08651660301915731,-3.0679646460694086
FT-320,longitudinal,Framed Tube,High-Intensity,2.7,2.61142514577873,0.0885748542212701,-3.280550156343337
FT-321,transverse,Framed Tube,High-Intensity,2.99,2.7343102004209365,0.2556897995790637,-8.551498313681059
FT-321,longitudinal,Framed Tube,High-Intensity,2.78,2.531851789169935,0.248148210830065,-8.926194634175001
FT-322,transverse,Framed Tube,High-Intensity,2.76,2.9599347792835884,-0.1999347792835886,7.244013742159008
FT-322,longitudinal,Framed Tube,High-Intensity,2.4,2.850117374716406,-0.450117374716406,18.754890613183584
FT-323,transverse,Framed Tube,High-Intensity,3.06,2.9076056714108605,0.1523943285891396,-4.980206816638549
FT-323,longitudinal,Framed Tube,High-Intensity,3.04,2.654229798797855,0.3857702012021451,-12.689809250070564
FT-324,transverse,Framed Tube,High-Intensity,3.03,2.910855677649002,0.11914432235099781,-3.932155853168245
FT-324,longitudinal,Framed Tube,High-Intensity,2.84,2.7910418056416466,0.048958194358353246,-1.7238800830406074
FT-325,transverse,Framed Tube,High-Intensity,2.92,3.0891962932459287,-0.16919629324592877,5.794393604312629
FT-325,longitudinal,Framed Tube,High-Intensity,2.83,2.777867558377645,0.052132441622354975,-1.8421357463729673
FT-326,transverse,Framed Tube,High-Intensity,2.78,3.107843634433197,-0.3278436344331972,11.792936490402777
FT-326,longitudinal,Framed Tube,High-Intensity,2.58,2.971709422625654,-0.3917094226256541,15.182535760684267
FT-327,transverse,Framed Tube,High-Intensity,3.49,3.2878519962621264,0.20214800373787378,-5.792206410827328
FT-327,longitudinal,Framed Tube,High-Intensity,2.9,2.7181052182696,0.18189478173039975,-6.272233852772405
FT-328,transverse,Framed Tube,High-Intensity,3.13,3.130774854522591,-0.000774854522591184,0.024755735546044218
FT-328,longitudinal,Framed Tube,High-Intensity,2.66,2.9664133313685412,-0.3064133313685411,11.519298171749664
FT-329,transverse,Framed Tube,High-Intensity,3.49,3.1629223778367344,0.32707762216326586,-9.371851637915926
FT-329,longitudinal,Framed Tube,High-Intensity,3.16,2.930534400653235,0.22946559934676536,-7.261569599581182
FT-330,transverse,Framed Tube,High-Intensity,3.12,3.5606560603446193,-0.44065606034461924,14.123591677712154
FT-330,longitudinal,Framed Tube,High-Intensity,2.92,3.4206619056238736,-0.5006619056238737,17.14595567205047
FT-331,transverse,Framed Tube,High-Intensity,3.23,3.4861478752997184,-0.2561478752997184,7.930274777081064
FT-331,longitudinal,Framed Tube,High-Intensity,3.05,3.4324060967198657,-0.3824060967198659,12.537904810487408
FT-332,transverse,Framed Tube,High-Intensity,3.55,3.5774638608502545,-0.02746386085025465,0.7736298831057649
FT-332,longitudinal,Framed Tube,High-Intensity,3.02,3.560577552165946,-0.5405775521659462,17.899918945892257
FT-333,transverse,Framed Tube,High-Intensity,3.6,3.7738468675506316,-0.1738468675506315,4.829079654184208
FT-333,longitudinal,Framed Tube,High-Intensity,3.31,3.7738468675506316,-0.46384686755063154,14.01350053023056
FT-334,transverse,Framed Tube,High-Intensity,3.34,3.6147802432705247,-0.27478024327052486,8.22695339133308
FT-334,longitudinal,Framed Tube,High-Intensity,3.12,3.6147802432705247,-0.4947802432705246,15.858341130465531
